datetime,4565cea0bf1881e5_5238,c6f6ba9a91fd90a6_5220,f41bea1bac733fb6_5044,ab570738092ae7d6_5282,2ee691d37eaa1aff_3529,c316bcf7a85c8242_3617,a812772f2ef60b6f_3527,70f70265dbeb7f36_3551,f1eb28176ffa3c00_3487,30b3a848f934811d_4746,28a43b2d6854838f_4725,70e599f772b22877_4670,d68d5d33331df58f_4689,2de587fc7359dd00_4662,07702ba2209dec22_4702,bde3b79da492ff98_23429,776e00b070251a36_23237,76a49e0074377eb5_23427,8c345724ee28a6ef_23253,312937ae45510dc1_23263,85a2219173d7e0e6_22695,19a25c5160008aab_9268,f8c41eb2b75f70a3_9354,36fa039140645de8_2504,173ff64a55da1183_2693,055497925c615bbd_2452,6db0b260ed58bea0_2713,8d9ad84c05e66fcb_2496,f00d607fabaf10c0_15907,1d2b291b0d13a9a8_6768,c6141bd7c5a47739_6764,2b54dede8d932577_6800,5f634a7023778237_6798,d1dd53e8b9cc6260_9488,576db970df29db32_9200,0bf2ba90b55e7ce6_2025,613398add7f57e9e_2020,166b01bcc9afc991_1922,7cdc3c802406f692_1968,33644a01fdab4b04_1914,36f2d2f47ffe7c23_2323,4620d1225421d300_2370,cbf49e6ecd2c2baf_2307,7280518b8f060bbf_2352,61a0f516255594bd_2372,8b302af3d7bf3476_2366,517f1095200efa97_2336,048b4e4419f084d5_2303,49c1ca1ec7501db8_2356,274f2dde6c0c1811_2169,de10e268d7bc2a3e_12216,d8a1d6f425317a78_9472,21c4ae593e1320c5_9490,b2ed5453796f7a87_9484,e5c50cbf5c7bb7f2_9470,088ecb23f16b0f5c_9266,332768ff95cbca00_2153,8e59e2cec0997164_4714,7fe046a211f6d0f8_4744,17590c05394aa86c_4742,dc24081d1d451df8_4666,8ca5662a2c14916a_4762,ea910b2f8f093672_4708,5a1b8c7077ad430e_4736,e03ce2c5ca2d56d9_4676,1f50493ec74590e1_9398,ec62ac70f32e82e4_9394,641bc525cf6bad32_9390,ad64516713f9b8fc_9196,ba83ad6e2231801e_9382,cb128c48cab6506e_9178,c786ca3d1d137d4d_9386,8c935877ead34113_9208,ffceb92260144a6b_9206,da8bc26f81f2c16e_9180,1cb3aa2206629305_9314,5741fe7d4d032aae_9306,0f926bafc6d94fdd_9340,4a031069d58d641a_9352,4f2863f48b7efdc4_9336,7624d507ab6c0b91_9376,c85627ec774e2b46_9392,66dc4353b7762e09_9350,08f67a695399ba46_9452,0532adaf3cd5d7d2_2309,afa04e247a48709c_2404
2020-06-18T00:00:00Z,0.75,0.7,0.85,10.65,9.65,11.75,13,27.65,12.15,,,7.65,12.2,11.15,11.15,9.9,,12.55,,13.3,12.4,12.7,1,10.55,9.95,,10.55,11.2,5.5,4.25,3.85,4.55,7.85,0.5,0.65,3.65,3.3,3.55,4.9,4.5,4,2.95,3.6,5.2,4.05,3.8,3.4,3.95,4.85,4.15,4.5,3.3,3.9,4.5,3.75,3.35,4.6,15.5,16.2,12.4,14.95,14.05,15.1,16.1,16.4,12,10.5,14.65,9.95,,13.85,11.1,22.1,12.6,11.05,,14.4,14.55,12.85,10.55,10.4,9.65,10.65,12.15,8.15,5.85
2020-06-18T01:00:00Z,0.7,1.45,1.95,4.4,7.7,8.7,12.8,9.3,12.8,,,6.1,9,9.45,9.3,7.05,,8.95,,9.7,9.35,12.25,0.85,8.7,8.35,,8.55,9.4,4.85,4.5,3.6,4.95,,,0.25,3.7,3.35,3.55,4.75,4.8,4.3,2.95,3.7,5.5,4.15,3.9,3.3,4.25,4.65,3.9,4.55,3.3,3.95,4.9,3.9,3.25,4.55,13.1,14.4,11.05,13.2,12.4,13,14.35,15,10.6,66.5,13,9.15,10.65,12.05,10.25,11.75,10.95,10.4,,11.25,12.6,11.3,9.95,10.1,9.05,10.65,10.9,8.85,
2020-06-18T02:00:00Z,0.9,2.2,2.25,2.35,7.35,8.3,14.2,7.65,7.5,,,6.5,8.85,8.45,7.6,7.05,8.2,8.6,,9.1,8.7,13.7,1.2,8.1,7.6,,7.6,8.65,4.6,4,3.25,11.45,,0.4,0.55,3.9,3.55,3.7,4.85,5.15,4.5,3.05,4.45,5.3,4.4,6.5,3.35,4.15,4.6,4,4.8,3.6,4.45,5,4.2,3.55,4.45,9.7,10.95,8,9.9,9.45,9.6,10.55,11.25,10.3,11.75,12.35,9.25,10.1,11.45,9.65,11.9,11.2,9.85,,12.45,12.5,11.55,9.3,8.95,,9.5,11.15,9.4,
2020-06-18T03:00:00Z,1.4,3.35,3.4,2.9,8.3,8.5,12.55,8.1,12,,,6.95,9.45,8.9,7.8,7.9,8.5,8.9,,9.75,9.25,12.9,4.9,7.8,6.8,,6.7,8.95,4.5,4.15,2.95,6.25,,,0.85,4.5,4.8,4.35,5.6,5.95,5.25,3.75,5.35,6.15,5.35,5.25,4,5.05,5.4,4.7,5.65,4.15,5.4,5.45,4.85,4.85,5.25,8.95,10.2,6.95,8.6,8.7,8.7,9,10.1,9.85,8.4,11.7,9.05,,10.75,9.1,11.2,10.8,10.2,,11.6,11.5,10.95,9.7,8.15,7.85,8.05,9.9,9.2,7.55
2020-06-18T04:00:00Z,1.8,5.4,5,4.35,7.6,8.15,10.35,7.4,11.1,,,7.5,9.4,8,8.5,9.15,9.5,10.6,,10.9,10.7,9.95,4.25,7.05,6.25,,6.1,7.2,4.4,4.2,2.95,8.5,,0.4,3.3,5.05,5.55,4.9,6,6.45,5.65,4.05,6,6.2,5.75,5.4,4.55,5.4,5.8,4.9,6.25,4.45,6.3,5.95,5.15,5.5,5.6,8.75,9.75,6.55,8.85,8.45,8.65,8.45,9.8,9.6,8.75,10.95,9.15,,10.35,8.55,10.5,10.95,9.9,,11.1,11.1,10.25,9.8,7.85,11.1,8.25,11.6,9.3,7.45
2020-06-18T05:00:00Z,2.1,5.8,5.75,5.85,6.2,7.1,7.25,6.9,13.45,,,6.5,8.2,6.85,6.35,7.6,7.85,8.8,,9.3,8.55,11,3.3,6.95,6.05,,5.85,7.15,4.95,4.55,3,13.35,7.95,1.25,3.35,5.35,6.25,5.35,6.55,6.45,6.15,4.5,6.25,6.7,6.45,5.85,4.95,6.2,6.5,5.35,6.85,4.95,6.5,6.85,5.4,6.05,6.3,8.35,8.75,6.35,8.5,8.35,8,8.8,9.75,8.7,11.5,10.95,11.05,,10.2,7.75,9.7,10.1,9.5,,11.15,10.9,9.8,9.7,7.45,18.05,7.3,16.95,9.3,7.55
2020-06-18T06:00:00Z,2.6,7.95,7.25,8.2,6.5,7.6,6.85,6.8,6.75,,,6.6,7.8,6.95,6.4,7.35,7.85,8.6,,8.85,8.35,12.2,5.2,7.65,6.1,,6.65,7.45,4.9,5.25,9.95,8.1,8.55,0.9,2.35,5.9,6.75,5.7,6.8,7.05,6.6,5.1,6.95,6.7,6.75,6.3,5.5,6.75,6.85,5.9,7.45,5.55,7.05,7.15,6,6.4,7,7.85,8.55,6.15,7.75,8,7.7,8.15,9.35,8.1,18.15,10.55,8,10.2,9.85,8.15,9.05,9.35,9.6,,10.95,10.8,9.4,9.45,9.3,16.1,8.05,12.75,7.75,6.2
2020-06-18T07:00:00Z,2,10.7,8,8.6,6.15,7.3,6.65,7.3,6.55,,,6.15,7.45,6.65,6.3,6.45,7.45,8.4,,8.35,7.7,4.45,14.25,7,6.6,,6.25,7.35,5.5,5.9,4.85,9.25,7.8,0.75,1.2,6.05,6.95,5.9,7.7,7.25,6.75,5.25,7.2,7.1,6.8,6.3,5.65,6.75,7,5.95,7.5,5.6,7.3,7.25,6.1,6.45,7.1,7.9,8.9,5.85,7.45,8,7.75,7.8,9.55,7.95,9.25,9.9,8.55,,10.05,9,9.1,9.15,9.9,9.75,10.6,10.5,9.5,10.1,9.95,11.9,8.1,11,7.75,6.25
2020-06-18T08:00:00Z,2.4,8.35,8.25,6.8,6.3,7.9,7.05,7.95,6.9,,,8.1,8.8,7.05,6.1,9.35,12.15,9.95,,9,9.05,3.45,12.35,7.35,6.4,,6.4,7.25,5.4,5.6,4.15,6.35,8.9,0.75,1.05,6.8,7.4,6.5,8.15,7.75,7.25,5.65,7.6,7.6,7.4,6.95,6.15,7.3,7.75,6.3,8.05,6.1,7.8,7.8,6.65,7,7.8,8.5,9.15,6.2,8,8.4,8.15,8.15,10.15,7.6,14,10.3,10.05,,10.1,10.15,9.2,9.05,9.85,8.95,10.85,10.35,9.3,9.4,7.75,,8.2,8.55,9.05,7.7
2020-06-18T09:00:00Z,3.3,7.1,6.5,6.6,6.95,7.95,7.2,8.65,7.45,,,7.1,8.25,7.75,6.85,7.5,8.15,9.4,,9.4,8.55,3,3.8,8.3,7.9,,7.4,8,6.05,5.25,4.05,5.7,9.4,0.8,,7.6,8.3,7.3,8.35,8.8,8.1,6.4,8.35,8.4,8.4,7.85,7.05,8.4,8.7,7.4,9.1,7.1,8.8,8.75,7.4,8.05,8.9,9.3,10,6.75,8.95,9.3,9.05,8.9,11.35,7.8,10.2,10.05,10.1,,9.75,9.75,9.85,9.65,10,8.8,10.25,10.1,9.05,9.8,7.75,,8.4,8.55,10.5,9.4
2020-06-18T10:00:00Z,3.65,4.75,7,6.15,8.7,10,9.05,10.45,9.6,,,9.35,10.95,9.4,8.1,9.8,10.95,11.35,,10.9,10.5,3.2,1.45,9.55,9.05,,8.9,9.45,6.2,6.95,5.55,6.85,8.5,0.8,,8.4,8.85,7.65,8.85,9.4,8.75,6.95,9.05,9.4,8.9,8.3,7.65,8.85,9.25,8.1,9.6,7.9,9.65,9.4,8,8.65,9.2,13.2,13.15,8.2,11.15,12.85,11.9,11.35,14.05,8,8.75,10.5,10.3,,9.6,10.55,10.85,10.55,9.95,9.65,10.9,10.65,,9.75,8.55,,8.65,9.95,13.5,11.75
2020-06-18T11:00:00Z,3.25,5.4,6.9,6.2,9.95,11.5,11.2,11.95,10.85,,,10.4,12.1,11.05,9.7,12,13,14.35,,13.65,13.1,2.25,1.95,10.45,9.75,,9.8,11.2,9.05,10.55,6,7.25,8.9,0.8,,8.25,9.05,7.6,8.25,9.3,8.85,7,9.1,8.85,8.95,8.35,7.45,8.9,9.15,8.1,9.75,7.75,9.55,9.3,8.05,8.6,9.3,19.15,19.95,14.25,17.85,19.4,18.5,18.9,22.9,8.65,9.25,12.05,11,,10.5,11,11.8,11.75,10.3,10.3,12,11.15,,10.4,9.45,9.85,11.85,9.55,15.9,
2020-06-18T12:00:00Z,4.3,5.15,7.15,6.15,9.15,10.9,10.1,11.75,10.25,,,10.15,11.4,10.9,10.3,10.75,11.95,13,,12.9,12.15,1.95,0.95,12.65,10.65,,10.9,10.65,8.45,3.5,1.2,6.7,,,,8.1,8.95,7.75,6.25,9.35,8.85,7,9.1,8.55,9.05,8.45,7.45,8.8,9.3,7.95,9.7,7.75,9.5,9.1,8.1,8.6,9.2,22.2,24.55,17.95,21.95,22.75,22.15,23.4,28.6,11,13.95,11.5,14.1,,12.2,14,15.25,15.35,13.9,13.25,12.5,11.45,,15.2,13.9,14.05,13.25,13.45,16.6,
2020-06-18T13:00:00Z,3.85,5.95,7.75,6.4,9.8,10.55,9.85,12.4,11.45,,,9.75,11.25,11.45,9.9,10.65,11.6,12.3,,12.2,11.3,1.7,4.35,11.15,9.7,,11.5,12.85,6.35,3.25,0.5,7.8,9.55,0.75,,7.9,8.5,7.45,6.25,9.8,8.65,6.65,8.85,8.95,8.7,8.25,7.2,8.3,8.6,7.6,9.4,7.45,9.4,8.7,7.65,8,8.95,23.2,26.05,18.9,23.25,23.85,27,24.95,30.2,13.35,12,10.75,16.1,,15.15,16.25,18.55,17.75,14.45,15.95,13,11.15,,15.4,13.8,14.6,14.3,15.3,15.6,
2020-06-18T14:00:00Z,3.4,4.9,8.1,6.35,8.85,10.5,9.75,11.8,10.6,,,9.05,11.4,10.5,9.5,10.1,11.25,12.75,,12.5,11.5,2.4,3.05,8.55,8.05,,9.25,10.5,5.45,7.25,3.7,7.3,9.2,,,6.75,7.9,6.6,6.25,8.3,7.8,6.1,8.15,7.45,8.05,7.5,6.6,7.7,8.35,6.95,8.6,6.95,8.95,8.05,7.05,7.5,8.1,22.05,25.55,17.7,23.05,22.4,23,24.65,28.95,14.4,11.95,14.1,14.25,,14.75,15.45,18.35,19.1,13.9,15.95,14.55,13.85,,14.85,12.8,13.35,14.35,14.3,11.95,
2020-06-18T15:00:00Z,3.65,7.5,6.9,5.35,8.85,10.5,12.7,10.7,10.2,,,8.1,11.05,10.1,9.3,9.25,10.15,12,,11.65,11.05,1.35,1.1,6.8,8.1,,7.3,10.15,6.85,7.2,4.55,6.6,9.2,0.75,1.3,7.2,7.75,7.1,6.45,7.9,7.55,6.1,7.8,7.55,9.7,7.65,6.65,7.55,7.75,7.05,9.5,6.85,8.2,7.8,6.8,7.35,7.9,20.25,22.8,16.1,19.9,20.45,20.75,22.2,26.85,14.1,16.8,16.85,18.6,,17.2,20.1,18.3,18.95,18.3,16.85,16.95,16.9,,18.8,15.75,14.65,14.75,15.2,9,7.6
2020-06-18T16:00:00Z,1.5,4.9,5.2,5.3,7.75,8.9,10.95,9.1,22.5,,,10.35,9.6,9.4,9.75,9,9.9,12.45,,11.8,11.55,0.45,0.75,8.4,7.75,,8.45,10.25,5.8,4.05,2.85,3.4,9.7,0.9,1.1,6.7,7.05,6.2,5.25,7.5,7.15,5.45,7.55,8.4,7.15,7.05,6.1,7,7.1,6.65,8.2,6.3,9.2,7.65,6.85,6.9,7.7,17.9,20.9,14.7,18.45,18.35,19.05,20.25,24.1,16.65,17.9,20.95,20.2,,21.05,23.6,23.25,23.7,20.8,21.7,21.35,21.5,,22.05,18.85,18.55,17.15,20,10.75,8.85
2020-06-18T17:00:00Z,1.4,2.9,3.05,4.8,8.95,9.85,13.85,10.35,17.3,,,8.4,10.55,10.6,11.35,11.7,12.95,14.15,,13.35,14.75,0.8,1.4,9.45,8.9,,9.85,11.75,3.95,2.85,2.25,2.95,,2.4,1.35,6.05,6.25,5.5,6.5,7.95,6.45,4.85,6.6,7.05,6.25,6.4,5.55,6.45,6.45,6.05,6.85,5.85,9.25,7.65,6.15,6.25,7.25,20.7,23.3,17.1,21.65,21.7,22.35,23,27.55,20.45,20.65,22.35,21.65,,23.3,23.95,27.1,27.6,22.7,24.45,23.25,23.05,24.85,23.35,19.65,20.1,18.95,21.25,11.95,10.35
2020-06-18T18:00:00Z,0.8,1,2,2.2,9.9,11.3,18.6,12.05,22.45,,,9.35,12.3,11.7,13.45,14.4,15.15,15.8,,15.8,16.95,1.65,1.75,12.05,11,,12.7,12.15,6.4,6.6,5.8,5.25,,3.85,3.6,6.15,6.2,5.65,8.5,8.25,6.55,5.4,6.6,7,6.6,6.45,5.7,6.45,6.3,6.2,6.75,5.8,7.35,7.65,6.25,5.95,6.8,24.05,26.95,20.2,25.25,24.75,26.8,26.35,30.65,20,21.15,25.25,21.05,,24.8,23.7,26.2,26.8,23.95,,26.1,25.55,23.6,24.6,20.05,18.95,18.05,22.85,12.6,10.1
2020-06-18T19:00:00Z,0.65,1.95,4.5,2.75,11.15,13.5,16.65,13.85,22.4,,,11.25,14.05,13.95,13.95,13.25,15,15.7,,15.8,16.45,1.75,1.9,14.95,14,,15.2,13.4,7.95,7.8,7,8.1,9.4,3.8,4.05,6.35,6.25,5.75,8.35,7.1,6.65,5.2,6.9,7.8,6.75,6.45,5.9,6.55,6.7,6.55,7,6.15,7.15,7.2,6.65,6.3,7.25,24.1,26.65,19.7,24.45,24.9,26.1,25.3,29.3,16.7,16.7,20.2,17.8,,19.15,20.15,22.1,22.45,18.7,,20.3,20.05,18.65,18.75,15.95,15.15,16.85,19.25,11.05,9.05
2020-06-18T20:00:00Z,,2.45,2.65,3.3,12.4,15.35,13.85,15.45,15,,,12.5,15.5,15.3,15.45,13.5,15,17.65,,17.95,17.45,1.95,1.95,16.4,16.75,26.75,17.85,15.9,8.4,8.7,7.8,8.9,10.2,4.75,4.45,6.3,5.85,5.7,7.2,6.75,6.4,6.3,6.45,7.45,6.65,,5.6,6.05,7.1,6.35,6.55,5.9,7.3,6.8,6.6,5.95,6.9,25.35,27.1,20.95,25.65,24.95,27.3,25.6,29.95,13.35,13.5,16.85,14.55,,16,15.05,18.1,16.7,13.85,,16.85,16.5,15.65,13.55,12.45,11.35,13.65,15.1,9.95,7.7
2020-06-18T21:00:00Z,1.45,3.65,5.05,5.35,12.55,16.2,13.95,15.85,14.25,,,12.15,16.3,15.05,15,14.05,15.6,16.85,,17.3,16.85,2.55,1.6,17.35,17.35,25.25,18.1,15.8,7.35,6.75,6.2,8.4,9.2,6.05,5.55,6.55,6.1,5.75,5.85,6.8,6.4,5,6.6,7.6,6.45,5.9,5.75,6.1,6.35,6.5,6.5,8.75,6.75,7.25,6.6,5.95,7.05,30.05,30.65,23.7,28.1,28.9,31.15,29.5,32.8,11.95,10.2,15.5,11.55,,14.15,12.35,14.9,14.3,10.9,,15.3,15.1,13.6,10.5,9.9,11.2,11.7,12.65,8.85,6.85
2020-06-18T22:00:00Z,1.4,3.7,5.3,6,13.65,16.95,20.9,15.8,18.8,,,11.7,17.75,15.8,15.85,14.85,16.4,18.25,,18,17.5,4.05,1.55,16.9,16.85,22.8,17,15.75,7.3,7.05,6.7,8.6,9,5.85,5.35,6.6,6.15,5.65,6.4,7.1,6.65,5.1,6.6,8.15,6.55,6.15,5.85,6.15,13.05,6.65,6.65,11.3,6.65,7.1,6.7,6,7,26.65,28.3,20.6,24,25.2,27.45,26.5,29.7,11.05,11,13.65,12.2,11,13.15,13.8,13.45,12.15,11,,13.45,13.3,12.25,10.4,10.65,,12.4,11.8,8.7,6.35
2020-06-18T23:00:00Z,2,4.1,4.25,5.25,12.95,16.05,15.4,15,21.2,,,10.55,16.3,15.55,15,17.2,19.6,18.55,,17.8,17.6,5.85,1.55,14.4,14,20.6,14.2,15.2,8.85,7.65,7.5,8.6,10.25,5.85,5.75,6.2,5.7,5.45,7.05,7,6.3,4.95,6.7,6.6,6.35,5.95,5.65,6.1,12.55,6.65,6.6,6.3,7.95,7.1,6.55,5.75,6.7,20.6,23.3,16.35,19.4,19.5,20.85,21.45,22.5,11.15,11.5,13.4,11.25,11.5,12.4,12.4,12.95,12.1,11.3,,13.5,13.3,11.95,10.7,10.4,9.8,11.3,11.95,8.65,6.15
2020-06-19T00:00:00Z,1.6,3.75,4.25,4.9,10.6,12.4,16.05,11.75,13.25,,,8.9,12.65,13.15,12.8,12.3,12.75,14.95,,14.7,15.3,6.35,1.35,12.8,11.3,17.85,12.6,13.25,8.9,8.6,7.95,9.25,9.9,6.25,6.1,6.75,6.3,5.8,7.1,7.15,6.7,5.4,6.4,6.1,6.45,6.1,6,7.05,27.6,6.7,6.9,5.6,8.85,7.45,7.1,6.15,6.65,12.8,13.8,10.4,12.6,12.1,12.6,14.05,14.7,9.6,8.65,11.9,17,9.3,10.95,,10.95,10.2,9.1,,11.75,11.95,10.55,8.75,8.2,7.85,8.9,9.6,8.55,6.05
2020-06-19T01:00:00Z,1.5,3.7,4.55,5.85,8.95,10.3,11.3,9.85,13.95,,,7.8,10.7,11.3,9.75,8.8,9.5,10.55,,11.05,11.2,6.4,1.25,10.9,9.85,,10.45,10.85,8.9,8.25,7.5,10.05,11.6,6.45,6,6.35,5.85,5.5,7.4,7.15,6.6,4.95,6.2,7.65,6.65,6,5.55,6.4,12.2,6.15,6.75,5.35,6.5,7.25,6.65,5.65,6.45,9.65,10.35,7.85,9.45,9.25,9,10.7,11.3,8.7,8.6,9.7,8.65,8.5,9.2,,9.7,9,8.55,,9.05,9.95,8.95,8,7.75,,8.75,8.8,8.7,6.3
2020-06-19T02:00:00Z,1.6,4.2,4.7,10.65,8.05,9.05,10.55,8.85,15.1,,,7.3,9.8,9.5,8.85,8.5,8.55,9.95,,10.4,9.8,7.6,4.3,9.7,8.6,,9.35,10.05,8.9,9.7,7.55,11.5,11.25,7.2,6.85,6.4,5.95,5.75,7.95,7.3,6.65,5.1,6.6,11.85,6.65,6.15,5.45,6.25,19.5,6,6.85,5.4,6.65,7.85,6.75,5.75,6.35,10.65,9.45,7.1,8.75,10.7,8.5,9.75,10.5,8.9,10.7,9.75,9.25,9.4,8.6,9.45,9.75,10.55,8.75,,9.3,9.45,8.75,8.45,8,,9,9.5,9.5,7.15
2020-06-19T03:00:00Z,2.85,5.7,7.35,7.45,8.25,8.3,12.45,8.55,19.8,,,7.1,9.75,9.05,8.5,8.5,8.75,9.65,,10.3,9.6,7,8.05,9.6,8.4,,9.1,9.75,9.65,10.05,7.5,20.2,10.8,7.95,7.95,6.2,6.75,5.65,7.9,7.05,6.55,5.3,6.95,12.95,6.95,6.45,5.5,6.25,16.9,6.3,7.05,5.8,7.25,7.9,6.5,6.5,6.75,8.7,9.35,6.7,8.95,8.5,8.25,8.75,10.05,8.35,8.3,9.6,10.15,9.85,9,,9.95,9.7,9.05,,9.7,9.4,9.55,9.05,8.3,,9.1,9.05,10.85,8.9
2020-06-19T04:00:00Z,7.85,8.4,11,9.05,8.9,9.05,9.7,10.05,19.15,,11.4,7.8,11.15,11.2,9.4,9.4,10.2,10.6,,10.75,10.45,5,8.2,10.25,8.65,,10.5,10.35,11.7,9.2,5.55,20.1,10.45,7.95,8.5,6.6,7.45,5.95,7.85,7.2,6.9,5.7,7.05,10.6,7.05,6.65,5.95,6.7,24.15,6.4,7.35,6.3,7.85,8.05,6.6,7.1,6.8,8.8,9.15,6.7,8.25,8.55,8.35,8.6,10.05,8.5,8.55,9.85,10.3,10.6,,10.35,10.25,9.95,9.65,,10,10.25,9.3,9.15,8.6,,9.75,9.6,12.7,10.75
2020-06-19T05:00:00Z,4.55,15.15,11.15,9.95,10.4,10.85,10.05,11.75,16.8,,12.25,10.4,13.2,12.65,9.65,10.25,12.15,11.9,,12.6,11.95,4.4,10.25,10.05,8.05,,9.35,12.15,12,10.1,6.45,11.4,12.9,8.3,8.85,6.75,7.2,6.1,8,7.4,6.85,5.9,7.4,9.7,7.05,6.9,5.95,7,19.3,6.8,7.75,6.5,8,7.8,6.75,7.2,7.25,9.05,9.4,6.95,8.65,8.9,8.6,9.45,10.5,8.7,10.5,10.15,11.1,10.95,9.75,,10.55,10.1,10.4,,10.3,10.3,9.7,9.9,8.75,9.1,9.8,10.3,14.2,12.1
2020-06-19T06:00:00Z,6.2,10,11.45,17.35,12.05,13.05,12.1,12.6,12.7,,16.9,13.1,15.15,13.6,11.2,12.2,13.9,14.4,,15.15,13.45,5.6,10.05,9.35,8.05,,8.95,11.5,12.6,10.25,6.25,11.35,12.65,8.25,9.3,7.05,7.3,6.3,7.8,7.6,7.35,6.1,7.6,8.95,7.25,6.95,6.15,7.35,7.35,6.85,7.85,6.6,8.2,7.6,6.75,7.2,7.65,8.85,9.3,6.85,10.2,9.15,8.65,9.15,10.8,9.05,9.05,10.55,11.25,11.55,10.15,11.6,12.2,10.35,11.15,,10.85,10.35,9.5,10.4,8.8,,10.25,10.75,13.55,11.55
2020-06-19T07:00:00Z,10.7,10.2,10.8,9.9,9.75,12.45,14.1,11.15,10.05,,,13.75,14.35,10.4,10.55,13.7,15.9,18.8,,16.2,17.4,4.5,12.3,9.25,8,,8.15,10.9,12.95,9.65,6.35,10.1,15.55,8.55,9.4,7,7.35,6.7,7.5,7.8,8,6.15,7.9,9.1,7.35,7.1,6.35,7.35,7.25,7.05,7.8,6.7,8.35,7.75,6.9,7.2,7.55,9.35,9.6,6.95,8.45,9.5,8.95,9.2,11,7.45,13.3,8.75,11.45,11.7,9.55,12.65,9.1,8.85,11.1,,10.4,10.1,8.15,11.3,8.95,,10.2,8.55,13.35,11.2
2020-06-19T08:00:00Z,8.5,10.2,10.1,9.1,8.2,9.1,9.15,10.1,8.65,,,9.3,10.6,9,7.8,11.5,13.7,11.55,,11.05,11.4,4.1,7.7,9.25,7.65,,8.35,9.55,10.95,9.25,7.1,8,13.2,9.2,9.65,7.25,7.35,6.75,7.95,7.9,7.85,6.25,7.75,10.65,7.2,7.25,6.6,7.5,7.4,7.1,7.8,6.85,8.8,7.9,6.8,7.5,7.65,9.75,10.3,7.2,10,10.1,9.55,9.7,11.9,7.4,9.4,8.6,11.9,10.85,9.6,12.25,9.9,9.35,10.5,8.3,10.05,9.9,8.55,10.55,9.1,,10.15,7.95,13.7,11.55
2020-06-19T09:00:00Z,7,8.25,7.35,6.95,7.7,9.1,8.1,9.75,8.65,,,8.1,9.9,8.95,7.25,8.85,10.05,10.3,,10.35,9.65,4,,9.3,7.75,,8.45,8.85,9.35,8.3,7.3,7.65,10.55,9.3,9.6,6.5,6.35,5.9,7.95,7.1,7.05,5.3,7,9.85,6.6,6.5,5.7,6.75,6.6,6.45,7.1,6.05,10.3,7.05,6.35,6.5,6.95,11.9,12.65,9.7,11.55,12,11,12.3,15.35,8.55,10.55,8.9,11.85,10.75,9.9,12.25,11.5,10.85,10.45,9.75,19.4,18.3,8.6,10.45,9.1,10.65,10.35,10.3,13.75,11.75
2020-06-19T10:00:00Z,6.95,5.3,3.7,4.1,8.7,9.75,9.15,10.55,9.35,,,9.35,10.3,10.2,9.8,10.8,13.1,12.2,,10.9,11.4,4.7,7.2,9.25,7.85,,8.3,9.95,8.35,8.25,5.6,7.55,15.3,9.4,9.3,6.15,6.3,5.55,7.7,6.65,6.15,4.95,6.6,9.4,6.1,6.05,5.6,6.45,6.45,6.15,6.75,5.7,7.85,6.7,6,6.35,6.7,12.45,13.55,9.35,12.05,12.5,11.9,12.95,15.5,9.8,9.4,11.35,13.05,11.55,10.35,13.2,12.95,12.7,11.65,11.6,13.35,13.4,10,11.15,9.95,10.85,10.7,11.45,14.05,12.15
2020-06-19T11:00:00Z,6.1,4.4,3.95,3.25,9.75,11.9,14.8,12.35,11.75,,,11.55,14.8,11.9,11.55,14,15.6,16.8,,15.75,16.95,4.15,4.5,10.9,9.9,,10.25,11.2,10.05,9.65,5.75,8.2,14.75,9.2,9.4,6.3,6.55,5.6,7.5,6.55,6.35,5.2,6.75,7.35,6.15,6.2,5.65,6.65,6.55,6.15,6.55,5.75,,6.9,6.15,6.45,6.75,14.8,15.95,10.95,13.7,14.65,14.1,14.8,18.1,10.15,11.55,11.05,13.4,12.75,11.25,14,14,13.3,12.5,12.3,12.15,11.4,,13.05,11.45,11.85,11.5,12.15,15.9,14.4
2020-06-19T12:00:00Z,5.7,4.6,4.35,3.45,12.4,14.65,16,13.75,12.4,,,12.3,14.9,12.9,14.15,15.15,16.25,17.5,,16.65,17,4,3.75,11.65,10.2,,11.4,12.5,11.65,9.9,6.6,9.6,14.45,8.3,9,6.7,6.45,5.65,7.75,6.75,6.4,5.4,6.85,7.25,6.6,6.15,5.75,7,6.65,6.1,6.9,5.9,,6.9,6.3,6.85,6.85,20,23.1,16.45,20.5,20.7,20.35,22.25,26.1,12.25,12.4,16.65,13.9,14.6,14.2,14.55,14.35,15.6,14.05,13.45,16.85,16.3,14.15,14.35,11.95,12.3,11.6,12.35,18.75,17.05
2020-06-19T13:00:00Z,5.55,4.85,3.6,3.2,12.4,12.35,16.5,12.7,11.5,,,11.35,13.85,13.6,15.5,14.15,14.65,16.9,,18.5,16.5,3.35,4.95,11.2,10.1,,11.45,13.25,11.4,10.3,6.85,9.25,11.5,6.65,8.5,6.8,6.7,5.95,7.75,7.05,7.2,5.45,7.2,7.05,6.7,6.35,5.9,6.75,6.9,6.35,7,6.1,,6.8,6.5,7,7.2,21.8,24.75,17.85,22.6,22.6,25.8,24.45,28.3,12.5,15.6,18.4,16.4,17.05,15.4,17.3,17.25,16.65,16.05,14.9,18.55,18.4,14.35,16.45,15.95,13.8,14.05,14.1,19.95,18
2020-06-19T14:00:00Z,3.55,6.35,5.25,6.95,11.65,11.75,15.55,11.85,10.8,,,10.6,12.7,13.35,14.45,14.45,15.5,17.75,,17.7,17.45,4.3,4.95,11.3,10.2,,11.4,13.75,10.05,9.9,6.65,8.35,9.1,7.1,8,6.7,7.05,5.85,7.75,7.15,6.85,5.6,7.5,7.65,6.85,6.95,6.1,7.15,7.15,6.5,7.2,6.25,,7.2,6.8,7.1,8.45,24.1,27.45,18.95,24.1,24.75,25.35,25.75,29.4,15.3,17.9,19.2,19,21.55,17.25,20.25,19.9,20.7,20.15,17.55,19.15,19.55,16.5,20.45,17.1,16.15,16.4,17,17.2,15.15
2020-06-19T15:00:00Z,3.65,6.35,5.8,8.65,12.4,12.6,15.5,12.7,30.3,,,10.8,13.65,13.5,14.5,15.8,16.5,17.4,,16,18.35,3.5,2.8,12.2,10.95,,12.45,14.5,11.3,9.35,6.7,7.3,13.05,6.5,6.85,6.8,6.75,5.9,8.3,7,6.7,5.5,7.3,8.1,6.65,6.5,6.25,7.15,6.8,7.05,7.15,6.75,7.8,8.25,6.85,6.8,7.4,25.55,28.5,20.35,25.3,26.25,25.85,26.85,31.1,17,20.05,21.45,21.95,24.7,20.95,,22.2,22.6,23.65,21.2,21.45,21.75,19.35,24.25,18.25,17.05,16.75,18.8,14.95,12.6
2020-06-19T16:00:00Z,4.45,7.85,5.25,10.45,11.55,12.95,14.8,12.4,14.85,,,12.4,15.45,13.45,17.15,14.15,14.55,15.6,,15.8,16.8,1.35,1.3,13.75,12.7,,14,14.45,12.55,11.15,8.45,10.05,14.8,6.3,5.8,7,6.95,6.05,9.4,7.4,6.85,5.6,7.45,7.6,6.9,6.65,6.05,7,7.3,7.25,7.05,6.75,8.1,9,7.25,6.9,7.75,25.8,28.2,20.6,25.45,26.4,26.3,27.05,31.65,18.1,20.65,23.2,22.15,25.8,21.2,,24.65,23.9,25.55,22.35,22.85,22.85,20,25.6,20.15,20.35,20.75,22.25,14.6,12.75
2020-06-19T17:00:00Z,4.7,5.05,4.6,4.55,11.85,13.95,13.65,15.35,15.6,,,14.8,16.3,13.95,14.1,14.55,15,16.25,,15.1,17.35,1.45,1.85,13.7,14.4,,14.75,13.9,15.15,9.65,7.4,8.85,16.45,6.45,5.25,7.45,7.2,6.6,10.6,7.6,7.35,5.75,7.6,8.6,7.9,7.25,6.85,7.35,7.2,7.6,7.5,7.4,8.55,9,7.7,7.2,8.3,27.3,29,22.05,27.15,28.15,28,28.55,32.4,18.45,21.3,22.35,23.55,23.8,21.75,26.15,23.8,24.75,23.45,,23.35,22.9,20.7,23.35,20.25,17.7,23.4,21.9,14.05,11.85
2020-06-19T18:00:00Z,4.95,5.75,,41.55,15.25,18.45,17.35,22.35,18.8,,,19.05,21.25,16.75,14.4,19.75,19.1,20.7,,18,20.55,1.95,2.25,13.35,13.7,,15.85,14.15,12.65,9.95,8.05,9.25,16.2,6,5.8,7.7,7.35,6.8,11.7,7.85,7.75,5.95,7.7,10.2,8.35,7.35,7.05,6.75,6.85,8.1,7.8,6.6,8.95,8.45,8.25,7.3,7.9,26,28.55,22.85,27.2,26.8,28.1,27.75,32.15,18.25,22.05,20.1,22.55,23.8,20.4,25.55,23.75,24.8,22.1,,20.7,20.7,20,22.05,20.9,16.95,20.4,22.15,13.8,11.5
2020-06-19T19:00:00Z,5,8.1,12.4,10.65,18.1,19.55,20.35,19.7,22.4,,,20,21.25,19.9,17.65,21.25,21.55,22.1,,21.65,22.7,2.3,2.35,16.2,15.05,21.4,16.7,18.1,11,6.7,5.65,6.3,13.15,5.45,5.25,8.15,8.2,6.95,11,8.35,8.15,6.2,8.3,10.55,8.3,7.7,7.25,7.2,7.1,9.1,8.35,6.85,9.65,8.6,8.8,7.85,8.6,22.15,23.2,17.65,21.85,21.85,23.3,21.65,26.2,17.9,18.5,20.15,19.85,20.95,20.1,20.9,23.3,22.95,20.2,,20.2,20.1,19.35,20.15,18.1,16,18,20.65,13.65,11.2
2020-06-19T20:00:00Z,5.9,7.2,7,7.6,17.15,20.15,20.85,19.35,20.35,,,17.75,22.3,19.1,19.35,20.05,20.75,23.05,,21.9,22.85,2.45,2.1,17.25,16.5,22.55,18.8,18.7,6.1,4.45,4.15,4.4,10.15,4.45,4.4,8,8.15,6.7,8.5,8.65,8.25,6.1,8.15,10.7,8.35,7.95,7.55,7,7.2,8.95,8.3,6.6,9.3,8.8,8.6,7.9,8.7,16.5,17.15,12.2,15.1,15.5,16.35,15.35,17.7,16.15,13.75,19.45,14,16.15,18.7,15.1,20.25,18.65,15.45,,19.9,19.75,17.6,15.3,13.1,13.2,14.05,16.85,12.05,9.15
2020-06-19T21:00:00Z,18.65,7.8,7.5,7.05,16.05,18.5,17.45,16.8,17.2,,,13.65,18.85,18.3,17.95,17.5,17.35,19.8,,19.95,20.25,4,2.5,17.6,16.9,24.05,18.4,18.6,6.3,4.75,4.5,4,8.7,3.5,3.4,7.55,7.6,6.6,7.2,8.6,8.15,5.8,7.9,9.9,8.2,7.45,7.2,6.7,6.85,8.5,7.9,6.3,8.7,8.6,8.25,7.6,8.1,18,17.85,13.2,16.3,16.4,17.4,17.1,18.9,12.8,11.1,16.85,11.8,12.5,15.4,12.5,15,14,12.15,,16.9,16.7,14.7,12.05,10.9,10.1,12.05,12.9,10.75,7.8
2020-06-19T22:00:00Z,4.85,8.85,8.15,7.55,14.1,16.4,18.3,14.7,23.1,,,11.1,16.9,16.15,14.9,14.75,14.45,16.7,,17.15,16.55,5.45,2.5,16.7,15.9,23.6,17.15,17.35,5.35,3.85,3.7,3.55,7.75,3.75,3.3,6.8,6.85,6.1,7.5,7.8,7.2,5.3,7.15,9.45,7.6,6.8,6.45,6,19.9,7.55,7.1,5.65,7.75,8,7.5,6.55,7.15,17.55,17.8,12.85,15.05,15.75,16.7,17.3,18.05,10.95,10.7,13.9,12.4,11.35,12.55,12.6,12.65,11.35,11.25,,13.9,13.65,12.05,10.65,10.4,9.05,11.6,11.55,10.4,7.75
2020-06-19T23:00:00Z,5,10.15,9.15,8.6,11.95,13.35,16.2,12.6,18.6,,,9.1,13.95,14,13.65,11.55,12.9,14.45,,15.45,14.55,7.2,3.05,14.4,13.85,21.85,14.9,15.1,5.75,4.55,4.4,4.45,7.7,3.5,3.2,6.6,6.3,6,7.55,7.5,6.85,5,6.75,8.6,7.45,6.4,6.1,5.8,10.9,7.4,6.85,5.5,7.35,7.6,6.9,6.05,6.8,13.05,13.45,10.1,11.8,11.7,12.7,13.8,13.95,10.7,10.25,12.65,10.8,11.05,12.2,11.85,12.3,11.25,10.75,,12.6,12.65,11.3,10.15,10,9.1,11.1,11.25,10,7.1
2020-06-20T00:00:00Z,5.45,8.9,9.25,9.2,10.2,11.4,14.35,10.8,15,,,8.5,12.05,12,11.25,9.55,10.9,12.55,,13,12.65,5.3,5.45,12.85,11.7,,12.85,12.95,6.45,5.7,5.15,5.95,,3.5,3.2,7.1,6.6,6.2,7.45,8,7.45,5.35,6.5,14.1,7.65,6.85,6.45,6.45,17.4,7.6,7.55,5.9,7.7,8.35,7.3,6.75,7.5,11.75,12.5,9.4,11.7,11.25,11.4,13.25,12.85,10.6,10.6,12.55,11.1,11.3,11.8,12.15,12.2,11.15,10.95,,12.25,12.35,11.1,10.55,10.3,9.1,11.05,11.4,10.6,7.7
2020-06-20T01:00:00Z,6.4,9.95,12.55,10.2,9.55,10.9,15.2,13.85,15.4,,,8.3,11.45,12.6,10.25,8.85,10.35,12,,12.25,11.65,4.35,6,11.75,10.45,,11.55,12.1,7.25,5.95,5.2,6.65,10.15,3.15,2.8,7.6,7.1,6.6,7.3,8.7,7.95,5.6,7,17.25,8,7.35,6.8,6.65,35.95,7.85,8.2,6.25,8.25,8.75,7.8,7.25,8.85,12.4,13.1,9.95,12.55,12.1,11.9,13.4,14.45,10.6,10.35,12.6,10.85,12.85,11.65,12,11.9,11.15,10.8,,11.85,12.45,11.2,10.4,10.4,8.85,10.6,11,10.65,7.5
2020-06-20T02:00:00Z,6,9.5,10.15,8.05,9.05,10,12.7,37.6,9.15,,,8,10.8,10.45,9.2,8.7,9.6,10.85,,11.35,10.9,4.55,8.25,10.9,9.3,,9.95,11.4,6.6,6.15,4.45,6.75,9.55,3.4,3.2,7.6,7.2,6.8,9.35,8.45,8,5.7,7.5,50.4,8.25,7.4,6.55,6.95,21.85,8.1,8.25,6.7,8.65,8.35,7.65,7.1,7.8,11.55,12.65,9.25,12.15,11.5,11,12.1,13.65,10.75,10.35,12.95,11.3,11.2,11.55,11.65,12.1,11.45,10.6,,12.35,12.55,11.6,10.3,10,,9.95,11.35,10.55,
2020-06-20T03:00:00Z,6,10.55,10.55,8.1,8.7,9.45,12.75,9.4,11.55,,,8.1,10.65,9.75,9.1,9,9.7,11.05,,11.5,11.05,9,5.65,10.4,9.05,,9.3,10.45,5.7,5.25,3.75,6.45,9,3.75,3.75,7.45,7.9,6.75,8.05,9.25,8,5.8,7.65,17.2,8.35,8.05,7.5,7.15,9.95,8.5,8.85,7.15,9.6,8.95,7.7,8.05,8,10.7,11.5,8.45,10.35,10.55,10.15,10.6,12.65,9.45,10.65,11.3,11.15,11.25,10.55,10.55,11,11.6,9.9,,11.6,11.55,10.5,9.75,9.2,,9.4,10.15,10.8,8.6
2020-06-20T04:00:00Z,6.25,23.9,20.3,8.75,9.2,11.05,15.5,9.9,12.15,,,9.6,11.75,10.6,10.1,11.2,11.25,13.75,,14.25,13.45,8.95,8.65,10.75,9,,9.6,10.75,5.1,5.75,3.55,7.25,9.15,4.2,4.4,8.55,9.35,7.25,8.7,10,9.05,7.2,9.35,10.2,8.7,8.45,8.15,8.85,27.2,9.2,9.4,8.1,11.15,9.95,8.7,9.3,9,10.9,11.55,8.3,10.7,10.6,9.8,10.65,13,9.6,10.3,10.85,11.45,11.9,10.2,10.75,11.25,12.45,10.05,,11.25,10.75,10.35,9.9,8.65,,10.15,10,10.8,8.9
2020-06-20T05:00:00Z,6.55,17.2,,9.85,11.15,12,11,11.4,25,,,11.45,13.7,11.95,10.9,11.4,11.85,12.9,,12.9,12.7,7.75,13.6,11.5,9.7,,10.65,12.15,6.1,6.2,4.15,8.4,9.45,4.75,4.95,8.65,9.45,7.85,8.85,9.85,9.15,7.3,9.3,9.85,8.8,8.65,8.25,8.65,34.7,8.8,9.6,8.1,10.65,9.6,8.75,9.4,9.7,11.3,11.5,8.25,10.3,11.05,10.3,11.3,13.5,10.1,9.6,11.05,12.25,11.95,10.75,12.8,11.35,11.7,10.7,,11.55,11.25,10.55,10.7,9.65,8.9,15.95,10.2,9.95,8.3
2020-06-20T06:00:00Z,7.8,17.6,,10.1,11.1,12.35,10.25,11.8,11.95,,,10.75,13.3,12.4,9.9,11.05,11.3,12.85,,12.85,12.15,11.45,14.2,14,11.05,,12.65,12.3,7.55,7.8,5,7.85,11.05,4.75,6.2,8.55,9.3,7.85,9.15,9.25,9.3,7.5,9.5,10.05,8.95,8.95,8.15,8.7,9.8,8.8,9.5,8,10.9,9.55,8.95,9.35,8.75,12,12.45,8.8,11.65,11.85,11,11.4,14.1,13.9,15.7,11.75,29.6,12.95,10.9,28.95,19.1,17,12.75,,11.85,11.7,11.4,13.35,20.75,18.2,12.8,19.75,9.7,7.95
2020-06-20T07:00:00Z,9.05,12.5,13.35,9.85,10.55,12.2,10.35,11.5,11.25,,,10.35,14,11.7,10.15,10.9,11.65,12.4,,12.25,11.4,15.35,13.15,13.9,11.85,,12.4,12.7,8.7,7.85,4.95,8.6,12.65,4,6.05,8.55,9.35,7.2,8.9,8.85,9,7.3,9.45,9.95,8.5,8.4,8.15,8.7,8.5,8.4,9.2,7.8,9.95,9.35,8.7,9.15,8.75,12.6,13.6,9.2,11.7,12.45,11.8,11.9,14.8,15.15,12.2,13.8,18.5,13.9,16.45,19.2,16.05,17.45,13.65,16.85,13.35,12.15,19.55,13.9,12.05,13.3,11.9,15.05,9.6,8.05
2020-06-20T08:00:00Z,7.7,10.95,13,9.25,9.85,10.75,9.95,10.55,10.5,,,9.65,11.7,11,9.55,10.65,12.7,12.3,,12.2,11.7,15.7,15.45,13.1,11.25,,11.8,12.75,9.9,9.8,7.4,8.8,10.2,3.75,5.45,9,9.6,7.8,9,9.5,9.65,7.45,9.8,14.45,9.15,9.15,8.65,9.3,8.8,9.2,9.95,8.35,11.45,9.85,9.15,9.7,9.25,13.1,13.45,9.25,11.9,12.75,11.65,12.25,15.1,10.85,11.35,14.4,14.9,13.45,13.5,15.45,14.05,14.1,12.85,13.25,13.9,13.25,11.95,13.1,11.15,11.55,12.25,12.8,10.1,8.4
2020-06-20T09:00:00Z,7.8,8.8,9.05,8.15,10.7,12.25,9.6,11.65,11.75,,,10.45,13.5,12,9.6,11.25,12.05,11.65,,11.85,11.25,7.4,10.1,12.4,11,,10.95,11.15,12.8,10.2,5.7,8.3,11,4.35,5.35,12.35,12.25,10.25,9.1,12.15,12.6,10.3,12.55,12.25,12.25,12.25,11.35,11.8,11.4,12.35,13.5,11.65,15.2,12.35,12.15,12.8,11.5,14.15,14.8,10,13.05,13.55,12.7,13.9,17,11.4,11.95,14.15,15.55,14.2,12.45,16.75,14.85,15.1,13.6,14,14.3,13.75,,13.65,11.6,,12.85,13.25,10.35,8.55
2020-06-20T10:00:00Z,7.7,6.6,6.6,5.7,11.25,12.85,11.15,13.95,14.05,,,11.25,15.05,13.05,10.3,12.75,13.8,14.95,,14.2,13.8,6.65,6.9,14.8,12.65,,13.75,12.15,11.2,12.85,8,8.9,10.8,4.5,5.65,16.65,16.4,13.9,8.9,15.95,17.1,13.55,16.1,14.2,15.9,15.7,14.5,15.65,15.3,16.2,17.35,15.75,19.85,16.85,15.55,16.75,15.65,15.75,17.15,11.2,14.5,15.25,14.6,15.65,19,11.9,13.85,15.05,16.1,15.45,13.75,17.45,16.1,15.8,15,14.3,15.45,14.85,,15.2,13.3,13.6,13.55,13.3,10.75,9.1
2020-06-20T11:00:00Z,6.9,6.1,6.25,5.8,12.15,14.25,12.5,14.25,13.8,,,11.8,15.35,13.8,11.45,13.25,13.9,15.6,,15.4,15.1,5.85,6.1,15.05,14.6,,14.25,14.1,9.1,9.7,7,9.75,10.2,4.45,5.8,19.4,18.45,15.25,9.05,18.2,20.15,15.3,18.2,14.55,16.55,17.8,16.15,17.45,17.2,17.65,19.35,16.9,21.35,18.45,17.9,18.4,17.35,18.25,19.8,13.45,17.25,17.95,17.1,19.25,22.45,13.05,14.55,18.85,17.45,16.4,15.05,18.3,16.3,17.45,15.5,15.25,18.85,18.6,,15.8,14.3,12.5,13.5,14.2,11.6,9.75
2020-06-20T12:00:00Z,6.2,6.6,6.75,5.05,12.75,14.6,12.75,14.8,14.3,,,12.6,16.45,14.55,12.2,13.6,14.85,15.05,,16,15.15,5.55,8.25,15.75,16.95,,14.65,14.8,8.2,11.15,8,10.15,10.75,4.95,5.9,18.1,17.35,14.15,9.45,16.75,18.75,14.15,17.1,15.85,15.7,15.85,14.6,17,16.8,16.6,17.75,16.15,20.8,17.4,16.45,16.95,17.3,22.65,24,16.6,20.9,22.45,21.4,23.5,27.7,14.75,15,19.8,18.55,18.6,16.8,19.6,20.15,20,17.8,17.95,19.25,19.6,,18.15,15.55,14.4,15.15,16.45,12.15,10.15
2020-06-20T13:00:00Z,7,6.1,6.35,4.5,13.25,15.65,13.1,15.55,14.95,,,13.3,17.1,14.8,13.1,14.3,15.05,16.35,,16.4,16.1,6,9.65,15.25,15.5,,14.65,15.1,11.45,11.85,8.15,9.25,9.75,5.7,6.35,14.5,15.45,13.5,9.55,16.2,17,12.7,15.3,17.85,15.6,14.95,13.7,14.8,14.8,15.4,17.25,15.3,20.1,15.65,14.6,15.5,15.6,23.9,26.55,18.55,23.1,24.8,27.45,25.05,29.9,16.45,14.15,19,18.4,20.45,17.7,18.8,22.05,22.85,19.65,20.55,19.2,19.05,,21.05,16.45,16.75,16.4,19.05,13,11.25
2020-06-20T14:00:00Z,7.1,4.25,4.85,3.7,13.9,15.7,13.45,15.95,15.5,,,13.25,16.85,15.35,14.05,14.6,15.5,17.7,,16.6,16.5,6.05,6.35,15,14.7,,14.8,15.85,10.9,10,7.3,6.8,12.1,5.2,6.1,17.1,16.6,14.25,10.5,17.15,17.95,13.4,16.35,19.3,18.15,15.95,14.5,16.55,16,17.4,17.8,17.4,23.25,17.6,16.05,16.4,16.65,25.8,28.4,20.75,25.8,25.55,26.05,27.9,32.15,17.85,17.2,21.6,19.85,20.75,21.45,20.6,23.55,24.6,19.6,23.5,22.2,21.55,,19.9,17.45,16.3,17.25,18.7,12.85,10.7
2020-06-20T15:00:00Z,3.05,4.05,4.2,3.25,14.1,15.5,15.95,15.7,20.2,,,12.05,16.6,15.8,14.05,14.85,15.2,17.1,,17.55,17.25,4.65,3.5,15.4,14.7,,15.3,16.15,11.8,10.05,6.75,5.5,11.55,4.95,5.3,20.15,19.35,16.7,12.05,18.55,19.6,15.2,18.55,18.45,19.05,18.45,17.1,19.75,18.75,19.25,20.8,18.95,23.55,21.05,18.95,20.05,19.7,27.9,30.5,22.1,27.15,28.3,28.35,29.75,33.7,18.75,20.25,20.85,22.75,23.9,20.9,24.35,24.9,24.45,23.3,23.65,20.8,21.45,,23,20.55,19.5,20.1,22.6,12.05,9.95
2020-06-20T16:00:00Z,4.25,5.05,4.8,3.6,13.7,14.85,15.6,14.6,23.25,,,12,16.75,15.95,15.35,14.7,14.75,18.2,,18,17.7,2.75,2.55,16.45,15.95,,17.15,16.45,13.75,5.15,2.95,3.55,12.45,5.3,4.9,18.85,18.05,15.9,12.6,19.05,19.6,15.1,18.3,13.25,18.2,17.7,16.55,17.55,17.75,17.7,19.1,17.05,20.1,19.4,19,18.3,18.1,29,31.4,22.75,28.3,29.25,29.6,30.7,34.35,17.3,22.8,22.1,24.3,25.05,21.1,26.35,23.55,23.75,23.05,21.15,22.55,22.55,21.75,24.25,22.05,18.45,22.2,21.9,12.55,10.25
2020-06-20T17:00:00Z,5.5,3.15,2.95,2.85,14.5,16.5,16,14.7,30.65,,,13.6,18.15,16.55,16.05,15.55,16.15,20.8,,17.95,17.95,2.65,2.75,17.6,17.7,,18.25,16.6,11.55,4.65,3.9,2.2,14.45,5,5,12.9,13.1,11.2,13.9,13.6,13.85,10.55,13.1,11.6,12.75,12.35,11.95,12.65,12.2,12.9,13.2,11.5,15,14,14,13.05,12.75,29.3,31.35,23.7,29.1,29.45,29.5,30.4,34.6,18,24.9,23.3,24.65,25.25,21.7,26.3,23.45,23.5,23.65,23.25,23.75,24.35,21.65,25.45,23.6,17.65,23.25,21.15,11.9,9.85
2020-06-20T18:00:00Z,5.5,3.05,3.25,5.45,15.2,16.9,19.2,16.5,18.65,,,13.55,19.65,18.25,16.35,15,15.9,19,,20.15,19.15,2.95,2.95,19.1,18.55,31.45,19.15,17.9,11.6,4.15,3.3,1.8,15.05,4.2,4.15,16.1,16.9,12.9,15.1,16.1,16.95,13.25,16.35,19.5,15.45,14.15,15.25,14.75,23.5,16.65,15.7,14.4,19.1,17.6,17.25,16.9,19.75,30.5,32.8,25.85,30.85,30.85,31.15,32.05,36.15,20.45,24.75,25.15,25.55,26.9,24.05,29,27.5,27.1,25.85,,24.35,25.7,23.85,26.55,22.9,19.7,23.35,23.95,11,8.75
2020-06-20T19:00:00Z,4.5,4.1,4.4,3.8,16.05,17.75,22.3,17.05,28.35,,,15,20.45,18.75,18.25,15.85,17.25,19.5,,20.4,20.05,3.2,3.05,20.55,19.8,32.65,20.7,18.9,4.85,1.65,1.5,1.8,11,3.3,3.45,19.25,19.5,14.55,16.75,17.9,19.85,15.6,19.1,16.95,17.15,16.15,18.05,16.55,32.25,19.45,18.05,16.15,22,20.9,20.1,19.95,19.6,31.05,33.2,26.45,30.9,31.65,32.15,32.05,36.1,20.1,23.7,25.3,25.2,25.9,23.75,29,26.3,26.6,24.9,,25.05,25.55,23.4,25.55,22.75,20.75,23.2,24.55,11.4,8.9
2020-06-20T20:00:00Z,3.15,3.45,3.85,4.3,16.6,18.9,16.6,18.85,18.95,,,16,21.25,19.6,18.65,15.4,18,19.65,,20,19.85,3.65,2.85,21.2,20.75,31.95,21.75,19.05,3.1,1.9,1.35,1.2,6.6,2.65,2.5,16.3,16.45,13.15,18.5,16.9,17.95,13.1,16.3,17.95,14.55,14.3,15.7,14.2,15.1,16.6,15.5,14.4,19.8,17.7,16.85,17,18.05,28,29.3,22,26.35,28.55,28.3,28.25,32,19.6,22.4,24,24.8,23.45,22.25,28.55,25.35,24.65,22.2,,23.65,23.8,21.55,22.8,21.25,17.8,23.15,22.9,9.8,7.8
2020-06-20T21:00:00Z,2.65,3.8,4.65,4.3,16.6,19.2,19.05,17.95,18.35,,,14.25,20.65,18.95,18.25,15.8,17.8,19.85,,20.85,20.4,4.35,2.65,21.4,19.95,26.05,20.8,19.85,3.05,1.5,1.15,1.5,,2.35,2.2,12.65,12.2,10.6,19.7,13.65,13.2,9.7,12.5,15.05,12.45,11.8,12.05,10.6,11.4,13.65,12.2,10.8,14.2,13.1,13.7,11.75,12.05,22.65,23.05,16.75,20.4,23.95,22.45,21.9,24.6,19.25,20.55,23.2,22.35,22.35,22.05,25.3,24.4,23.15,20.75,,22.7,22.75,21.1,21.35,20.35,16.95,21.95,21.8,9.75,7.45
2020-06-20T22:00:00Z,2.5,4.25,5,4.4,14.1,16.15,16.05,15.3,18.7,,,11.3,16.25,16.7,16.85,13.1,14.65,17.1,,18.45,18,3.2,2.95,19.55,18.7,25,19.6,18.55,2.5,1,0.55,0.8,,2.5,2.25,9.9,9.35,8.75,18.65,10.8,10.2,7.4,9.95,13.1,10.4,9.55,9.15,8.4,9,10.55,10.15,8.05,11.05,10.65,10.25,9.35,9.6,25.6,26.9,20.15,23.75,24.35,25.35,25.05,28.4,18.85,19.35,22.45,20.8,,21.3,23.5,22.75,21.55,19.55,,21.65,22,20.25,19.95,18.95,16.85,21,21.2,10.15,7.65
2020-06-20T23:00:00Z,2.65,5.85,7.05,6.4,12.35,13.85,16.55,12.3,12.2,,,11.8,13.75,13.55,13.6,10.15,11.75,13,,14.5,13.9,3.1,3.65,15.6,15.6,22,16,14.65,11.6,1,0.75,1.6,,2,1.95,10.7,9.7,10,18,11.75,10.95,7.95,10.05,11.2,11.65,10,9.9,9.05,10.05,10.85,11.3,8.6,10.9,11.8,10.65,10.1,10.7,23.85,24.85,18.3,22.8,23.15,22.5,25.05,26.25,18.6,20,21.65,22.35,,20.35,23.75,21.95,20.8,19.2,,21.35,21.35,19.65,19.45,18.95,16.65,20.65,20.75,10.9,
2020-06-21T00:00:00Z,3.35,6,7.7,6.15,11.45,12.3,20.95,11.7,14.75,,,8.15,12.75,13,12,9.25,10.9,12.4,,12.9,12.8,3.75,3.55,13.7,12.8,19.25,13.55,14.3,4.35,1.95,1.35,1.7,,1.8,1.7,9.3,8.4,23.15,12.95,10.6,9.5,7.2,8.35,9.5,10.1,9.05,8.75,8.1,11.55,9.6,10.1,7.5,9.3,10.2,9.55,8.65,10.45,19.65,20.4,15.4,19.95,19.05,17.75,20.4,21.55,18.95,20.1,21.6,21.65,,20.85,24.25,22.15,21.05,19.55,,23.95,21.55,19.75,19.8,19.55,17.2,21.7,21.45,10.8,
2020-06-21T01:00:00Z,3.5,5.15,5.55,6.05,10.1,12,12.75,11.3,11.2,,,8.75,12.2,12.1,10.9,9.05,10.9,11.85,,12.55,12.6,3.9,4.95,12.7,11.2,,11.95,13,4.4,2.1,1.25,3.2,,1.6,1.7,8.3,7.55,7.55,12.4,9.3,8.65,6.95,7.35,10.4,8.9,8.35,7.55,7.55,9.5,8.35,8.85,6.85,8.6,9.45,8.35,7.75,9.45,18.05,18.95,15,18.35,17.85,16.65,19.8,20.75,19.4,18.85,21.9,19,20.25,21.5,21.2,22.05,21.35,19.8,,22.9,21.95,20.15,19.4,18.6,17.25,18.4,21.45,9.75,
2020-06-21T02:00:00Z,3.1,3.65,3.95,4.6,10.25,11.95,15.35,12.4,11.9,,,9.9,12.85,12.05,10.3,10.85,,12.65,,13.1,12.4,7.25,6.15,12.05,11.25,,11.5,12.65,5.2,3.7,2,4.5,,1.6,2.05,8.15,7.9,6.9,9.4,9.5,8.45,6.35,7.9,9.85,9.2,9.95,7.55,7.6,9.05,8.35,8.9,6.95,9.3,9.35,8.4,7.95,8.25,16.25,17.25,12.95,15.95,16.3,15.1,17.4,18.2,15.6,14.7,18.95,14.55,,16.45,15.75,16.45,17.15,15.15,,18.95,19.4,16.2,14.25,14.4,13.55,13.15,15.5,9.95,7.35
2020-06-21T03:00:00Z,1.75,2.5,2.55,29.95,10.35,11.35,16.9,11.4,18.6,,,9.7,13.25,11.65,10.35,11.5,12.05,13,,13.1,12.9,10.65,4.55,12.75,11.3,,11.8,12.75,4.7,5.5,3.45,8.15,7.7,1.9,2.9,8.75,9.15,7.7,9.05,10.3,9.15,6.85,8.9,12.6,9.65,8.95,8.6,8.25,12.95,9.3,9.95,8.5,10.95,9.85,8.9,9.15,8.35,13.45,14.15,10.65,13.35,13.4,12.25,13.85,16.25,14.35,11.45,14.65,13.55,,12.8,14.4,15.25,13.85,12.6,,14.9,14.3,12.75,12.7,13.8,,11.9,13.1,9.65,7.6
2020-06-21T04:00:00Z,,2.05,2.35,6.95,11.2,13.25,14.6,12.2,15.2,,,11.35,15.75,13.2,11.35,13.25,12.35,13.9,,15.4,14.35,13,10.2,13.15,12,,14,13.05,5.35,5.7,4.7,12.65,10.5,2.05,3.95,10.2,10.55,8.65,10.3,11.1,10.7,8.1,10.05,18.5,9.75,9.4,9.7,9.95,18.85,10.45,10.75,9.3,14.6,11.55,10.15,11.1,25.8,13.9,14.2,10.85,14,13.9,12.45,13.35,16.45,11.65,242.2,13.8,13.25,14.4,12.15,13.75,15.6,13.7,13,,13.95,13.7,12.25,12.9,15.7,11.35,11.85,12.65,9.2,7.3
2020-06-21T05:00:00Z,1.35,2.5,2.95,9.85,12.55,14.9,14.5,13.5,24.6,,,12.05,16.85,14.2,14.3,13.7,,16.35,,16.6,16.65,15.1,12.4,15.75,14.1,,15.2,16,5.3,5.75,4.3,6,10.35,2.3,4.7,9.9,10.5,7.75,10.45,10.2,10.05,7.9,9.8,11.3,8.95,8.6,8.65,10.3,11.3,9.75,9.65,8.85,,11.1,9.6,10.5,12,13.75,14.45,10.35,13.75,14.05,12.4,14,16.3,11.7,14.7,14.25,13.2,,12.3,13.35,15.9,13.7,13.1,13.95,14.4,13.65,12.25,13.1,10.7,,13.15,12.3,9.75,7.85
2020-06-21T06:00:00Z,,2.7,3.75,6.65,14.45,16.85,13.9,14.85,16.25,,,14.45,19,16.35,13.55,14.55,15.15,16.05,,16.65,16.35,29.15,14.25,17.5,15.45,,15.55,16.4,5.7,5.35,4.05,6.4,9.6,2.35,4.55,10.75,11.1,8,10.1,10.15,10.4,8.6,10.8,9.95,9.15,9.1,9.75,10.4,10.4,10.4,10.75,9.5,13.15,11.95,10.6,11.65,10.15,15.3,16.1,11.3,15.15,15.75,14,14.65,17.2,13.3,12.85,13.35,14.4,,12,14.35,14.75,15.35,13.8,15.55,13.75,13.35,11.5,13.8,14.15,11.75,13.4,13.5,9.9,7.85
2020-06-21T07:00:00Z,,3.7,2.45,2.6,15.1,17.9,15,16.6,17.5,,,15.4,20.2,17.95,15.5,15.8,16.7,18.05,,18.3,18.7,5.6,16.1,18.1,16.05,,16.3,18.7,6.7,5.5,4,6,9.95,2.8,3.75,12.6,12.65,10.3,10.25,12.65,13.15,10.2,12.3,9.85,11.8,11.2,11.2,11.95,11.55,13,13,11.2,17.5,13.3,12.65,13.05,11.7,15.4,16.8,11.8,15.2,16.3,14.4,15.35,18.85,12,13.05,12.3,15.1,,12.5,15.5,16.1,15.3,14.2,15.3,14,15.05,11.7,13.95,11.25,12.65,14.45,14.3,10.3,8.55
2020-06-21T08:00:00Z,0.8,2.05,2.75,22.85,17.1,20.25,16.95,19.2,19.55,,,16.7,22.8,19.1,17.5,18.2,20.5,21.1,,21.3,21.4,5.45,11.9,20.65,19.8,,18.7,20.45,10.55,7.05,4.85,6.75,10.6,2.75,4.2,13.3,13.95,11.6,11,13.8,14.1,11.3,13.45,10.2,12.95,13,12.3,13.35,13.75,13.55,14.85,12.75,15.95,14.25,14.2,13.8,12.95,16.05,17.9,12.25,16.2,17.25,15.4,16.45,19.9,12.85,12.75,12.6,15.7,,13.35,16.4,15.75,17.05,14.9,15.1,13.8,14.5,12.55,14.75,11.5,13.55,15.75,13.65,11.1,8.9
2020-06-21T09:00:00Z,1.2,2.2,1.9,4.1,17.4,19.9,17.6,20.35,20,,,16.7,22.5,19.75,17.75,18.15,,21.35,,21.65,21.45,3,7.6,22.6,20.45,,20.55,21.55,11.1,10.25,7.8,7.9,10.45,3.8,3.75,16.85,17.9,13.2,11.7,16.55,17.35,13.55,15.9,11.3,16,14.7,14.55,18.95,17.45,16.5,17.3,15.5,19.85,17.05,15.95,16.7,15,19.45,21.1,14.35,19.05,19.9,18.1,20.3,24.1,13.35,16.95,15.7,17.55,17.15,14,18.4,16.9,17.15,15.95,15.75,15.4,15.9,14.25,16.05,13.65,,17.3,14.7,9.55,7.8
2020-06-21T10:00:00Z,1.5,2.05,2.1,1.95,17.9,18.95,18.2,19.2,19.55,,,15,20.4,19.75,17.3,18.55,18.95,23,,22.35,22.35,4.8,5.4,22.1,20.85,,20.7,21.9,7.75,11.85,6.9,10.75,13.05,4.2,4.05,21.25,16.95,17.05,11.9,21.1,22,16.45,19.75,14.9,20.45,19.1,19.2,17.6,14.45,20.75,22.3,18.65,24.75,22.25,20.9,22,18.85,22.35,25.65,17.2,22.95,22.9,21.6,24,28.9,15.4,22.3,20.75,22,,17.3,23.75,19.4,20.7,20.55,18.5,20.95,19.8,20.6,20.8,17.9,,16.1,16.45,9.6,7.7
2020-06-21T11:00:00Z,,2.15,1.95,1.5,17.15,18.1,18.3,18.6,18.35,,,15.85,20.85,18.8,17.9,18.15,19.15,21.8,,21.85,21.75,6.85,5.1,22.6,21.8,,20.75,21.9,8,6.7,3.7,13.2,12.05,4.6,4.55,14.9,14.85,13.25,12.15,16.6,15.65,11.55,13.95,14.9,17.95,14.35,13.1,13.9,14.15,14.3,15.9,14.05,17.7,15.15,14.5,14.2,13.4,25.6,28.9,20.3,25.85,26.4,25.5,27.5,31.65,18.05,18.85,24.3,23.8,,22.55,25.45,22.9,25.05,24.25,21.9,22.95,22.85,21.45,24.55,19,18.6,19.35,20.55,9.15,7.05
2020-06-21T12:00:00Z,0.7,1.75,1.85,1.4,17.1,19.9,17.6,20.2,19.45,,,17.3,22.35,18.8,17.65,17.2,19.45,21.3,,22.6,20.8,5.2,7.05,23.25,25.05,,21.7,20.55,8.05,5.95,2.7,8.85,11.45,5.65,4.5,17.1,17.25,14,12.5,18.55,17.65,13.2,15.95,16.15,19.75,16.05,14.55,17.35,15.95,16.1,18.15,16.05,22.1,17.15,16.75,16.45,14.5,28.7,31.65,23.6,29.4,29.65,28.75,30.95,33.15,18.85,17.6,24.3,25.5,,21.15,24.8,23.75,25.85,23.85,23.25,21.45,21.95,20.75,24.25,17.8,18.25,19.5,21.85,9.35,6.95
2020-06-21T13:00:00Z,0.95,1.25,1.45,0.95,17.35,22.3,17.9,23.8,21.85,,,18.05,24.25,20.35,17.45,18.6,19.85,22.25,,23.65,21.45,5.9,7.6,24.45,25.65,,23.3,21.5,8.2,5.25,2.3,9,11.85,6.5,4.55,15.8,15.6,13.15,12.9,16.95,16.7,12.2,14.85,16.5,15.85,14.65,14.2,15.35,23.9,14.85,16.25,14.05,20.25,16.05,15.25,15.25,13.85,30.15,33.2,24.75,30,30.75,29.95,32.25,32.35,18.35,16.4,24.4,23.9,23,21.85,23.9,24.45,25.7,21.8,23.9,21.85,22.25,20.25,23.3,18.7,18.5,20.4,21.9,9.95,7.4
2020-06-21T14:00:00Z,1.3,2.2,1.8,1.1,19.95,24.55,19.25,26.25,23.85,,,19.1,25.45,23.35,19.4,19.75,21.55,23.95,,27.35,23.25,5.45,5.8,28.65,26.85,42.75,27.2,24.55,7.55,5.65,2.55,7.65,12.25,5.45,8.25,14.4,14.05,11.75,12.4,15.05,14.8,10.85,13.5,12.4,14.2,13.25,12.35,13.8,27.95,13.4,14.7,12.25,17.5,15.5,14.1,13.85,13.05,30.6,33.95,25.8,31.35,31.25,31.15,33.35,36.6,19.95,20.3,24.5,23.8,,22.65,24.4,25.5,26.75,24.05,23.5,22.4,22.6,21.35,24.65,22.15,19.3,22.6,22.8,10.2,8.05
2020-06-21T15:00:00Z,1.9,1.65,12.8,1.15,24.5,26.4,22.25,27.75,32,,,21.45,28.55,27.7,22.95,22.8,24.55,27.7,,28.85,27.05,5.55,3.9,31.95,25.9,36.85,31,29.45,9,7.05,4.25,8.75,13.15,5.05,7.9,11.85,11.35,10.15,13.1,12.6,12.25,9.15,11.4,13.15,12,10.85,10.25,11.05,26.4,11.2,12.1,10.65,12.9,12.95,11.75,11.45,11.25,32.05,34.95,27.7,33.05,33.05,32.45,34.2,38.85,20.65,23.9,25.6,26.2,25.55,23.25,27.6,25.9,26.45,24.7,23.75,23.75,22.95,21.5,26.15,24.35,19.4,24.2,23.55,10.55,8.5
2020-06-21T16:00:00Z,1.35,2.25,2.6,1.55,26.55,27.45,25,29.4,33.7,,,24.95,29.6,30.2,28.05,25.25,,30.15,,31.7,29.9,3.5,2.95,31.7,27.4,39.35,31.4,32.15,11.6,10.1,6.5,9.35,14.6,5.6,7.05,11.5,10.8,10,14.85,12,11.95,8.55,10.55,14.75,12,10.5,10.05,10.35,10.25,11.3,11.8,11.4,13,12.75,11.35,10.95,10.8,32.95,35.5,27.95,33.45,33.75,33.15,34.9,38.75,19.55,24.3,25.95,27.35,,24.1,28.9,25,25.3,25.35,,25.3,25,22.9,26.2,23.5,19.6,25.85,23.7,10.95,9.1
2020-06-21T17:00:00Z,0.5,1,1.4,1.15,28.9,28.85,29.55,29.9,29.3,,38,25.55,31.05,31.5,30.35,27.25,,31.85,,32.85,33.2,2.45,2.85,32,28.7,37.5,31.6,31.45,12,10.95,8,9.85,13.6,4.15,4.35,14.8,13.55,11.2,16.6,18.75,15.15,10.65,13.05,15.75,14.05,12.9,12.25,12.4,12.3,13.35,13.9,12.7,15.15,15.3,14.55,13.8,12.6,32.4,34.8,28.45,33.5,33.3,33.15,33.5,38.55,19.45,24.65,23.5,27,,22.7,30,25.15,27.2,24.6,,24,23.65,22.25,25.55,23.25,19.6,27.25,23.05,12,
2020-06-21T18:00:00Z,,1.45,2.15,1.5,27.65,29.05,29.75,30.95,31.8,,32.3,26.75,31.65,32.1,30.15,28,28.3,32.15,,32.2,33.75,2.8,2.45,32.55,29.95,39.8,32.75,31.25,9.4,8.95,7.15,9.95,11.1,2.85,3.2,14.1,13.4,11.3,18.75,14.85,14.85,10.4,13.05,14.05,14,12.95,12.3,12.15,11.95,13.1,13.85,12.1,14.7,14.15,14.4,12.75,12.65,30.5,33,26.75,31.25,31.35,31.7,32.1,36.6,18.15,21.9,21.25,26.3,,21.4,28.95,23.5,24.55,23.05,,21.4,20.7,20.85,23,21.7,17.35,28.3,22.3,14.4,12.2
2020-06-21T19:00:00Z,,3.75,4.55,3.25,26.5,29.75,27.1,28.95,29.95,,30.95,29.6,32.95,29.85,28.4,29,30.2,30.7,,31.1,31.95,3.3,3,31.8,30.65,37.7,32.35,30.95,6.35,4.55,3.95,3.5,10.5,1.5,1.5,13.55,12.9,11.3,13.6,14.3,14.25,9.8,13,15.4,14.3,12.65,12.2,10.85,11,14,13.1,11.75,15.3,14,14.1,12.9,12.75,26.4,28.9,22.3,27,26.15,27.25,27.7,30.8,19.3,21.7,20.7,23.3,23.15,20.65,26.5,23,23.1,22.75,,20.55,19.85,19.55,22.35,21.9,16.95,27.9,21.95,13.4,10.25
2020-06-21T20:00:00Z,1.9,4.1,5.5,4.05,27.25,30.75,28.6,29.3,34.2,,31.6,28.3,32.6,29.65,27.55,30.2,,32.8,,31.95,32.45,2.95,3.45,28.45,27.45,33.6,28.4,28.2,2.3,1.65,1.45,2.35,,,1.55,12.2,11.2,10.2,10.45,12.55,12.75,8.65,11.45,20,12.55,11.8,10.8,9.65,10,12.3,11.95,9.8,13.75,12.55,12.5,11.8,11.35,21.2,21.95,16.35,20.25,19.65,21.05,21.2,23.15,18.85,20.05,21.3,21,21.7,21.25,24.1,23.6,21.95,21.6,,21.15,20.2,19.85,20.8,19.1,16.85,24.3,21.7,10.65,7.95
2020-06-21T21:00:00Z,2.9,4.35,4.9,4.45,23.6,27.1,25.2,25.05,25.1,,,19.65,27.05,26.55,27.05,24.85,25,28.25,,28.85,74.4,3,3.7,26.75,26.05,31.55,27.1,27.15,8.5,1.1,0.8,2.85,,0.85,0.95,11.25,10.35,9.55,9.55,12.05,11.6,8.15,10.55,16.15,11,10.7,10.15,8.8,9.6,11.35,11.15,8.75,12.7,11.8,11.45,10.7,10.4,19,19.7,14.95,18.4,17.55,18.5,19.75,21,18.1,18.9,21.7,19.55,19.9,20.3,22.4,22.1,20.6,19.8,,21.2,20.8,19.4,19.1,17.9,16.45,20.7,20.7,9.05,6.6
2020-06-21T22:00:00Z,3.15,4.3,4.55,5,17.6,21.35,20.75,17.7,18.3,,,14.35,21,20.5,19.95,17.3,18.1,19.8,,21.25,84.8,2.65,3.3,22.15,23,27.8,22.2,22.15,1.6,0.45,0.35,2.4,,0.75,1.05,10.65,10.05,9.1,9.05,11.65,11.35,8,10.7,13.5,11.1,10.4,10,8.8,9.8,11.15,11.1,8.5,11.6,11.75,10.85,10.2,10.25,18.9,19.9,15.1,18.95,17.6,18.55,20,20.9,18.8,18.05,20.95,18.85,,19.7,20.9,21.35,19.7,23.95,,20.85,20.45,18.65,18,17.2,16.5,18.15,19.85,9.1,6.4
2020-06-21T23:00:00Z,2.7,3.5,3.85,4.2,15.45,18.45,17.4,16.15,16.4,,,12.25,18.2,17.7,16.4,14.3,17.9,17.15,,18.3,57.3,2,2.65,18.2,17.5,26.9,18.55,19,2,2.65,1.2,3.25,,1.15,1.45,10.4,9.4,9.2,9.4,11.5,11.1,7.5,9.6,14,11.35,10.05,9.4,8.7,9.25,10.8,10.75,8.6,10.95,11.25,10.55,9.6,10.3,18.9,19.75,15,18.1,17.5,18.4,20.05,20.45,17,19.2,20.6,18.9,,18.65,19.55,19.7,18.35,18.45,,19.95,20.4,17.4,17.25,16.55,14.7,17.35,18.4,9,6.45
2020-06-22T00:00:00Z,2.1,3.3,4.05,4.8,14.75,18.3,18.95,16.2,19.35,,,13.15,18.8,17.7,16.1,13.35,,17.45,,18.2,26.9,2.35,3.45,17.9,16.3,26.5,17.15,18.55,3.5,5.1,2.95,4.25,,1.8,1.9,10.6,9.05,9.35,9.15,11.8,11.1,7.8,8.95,11.4,11.8,11.1,9.75,9.15,9.85,10.6,11.25,8.5,12.25,11.8,10.4,9.7,10.7,23.35,20.2,15.95,20.45,28.9,18.7,21.5,21.65,25.15,15.5,19.15,16.25,,17.95,17.8,18.25,17.55,16.75,,18.45,19.65,16.5,15.75,15.2,15.95,16.8,18.4,9.45,6.95
2020-06-22T01:00:00Z,1.95,3.45,3.7,4.4,15.65,19.05,16.9,22.7,20.1,,,11.95,19.95,19.95,15.2,12.5,,20.45,,17.35,18.3,1.5,3.1,18.6,16.8,24.75,17.1,21.1,5.2,4.9,3.3,5.7,,2.05,3.05,10.1,8.15,8.6,8.9,11,10.25,7.55,8.05,9.8,10.7,10.75,8.65,8.75,9.55,9.7,10.1,7.9,10.8,10.75,9.65,9.25,9.95,19.65,20.15,15.5,19,19.15,18,20.65,21.35,15.85,16.65,19.9,16.85,,17.4,19.05,18,17.1,16.35,,16.05,17.15,16.3,15.85,15.65,13.95,16.85,17.05,10.45,7.6
2020-06-22T02:00:00Z,1.65,2.9,3.3,3.65,12.15,13.65,16.35,16.3,21.25,,,10.85,14.45,14.55,12.65,11.85,12.6,14.1,,15.85,14.75,3.2,3.55,16.45,15.25,23.2,15.85,16.7,5.45,5.85,4.1,6.9,8.8,2.65,3.75,8.4,7.6,7.25,9.8,9.65,8.45,6.3,7.65,10.2,9.55,10.2,7.3,7.5,8.6,8.85,8.9,7.65,10.05,9.55,8.55,7.7,8.05,18.55,19.85,15,19.2,18.3,17.25,20,20.95,16.1,16.25,17.95,16.7,,17.05,18.3,18.4,18.05,17.4,,17.4,17.5,16.55,16.85,15.9,14,15.95,17.55,10.45,7.95
2020-06-22T03:00:00Z,1.65,3.35,3.9,3,13.4,15.35,18.85,14.35,20.15,,,12.25,16.35,14.75,13.3,14.15,14.8,15.1,,15.95,55.95,6.65,3.95,16.85,13.25,,14.2,15.25,6.2,6.1,4,8.05,9.6,2.8,3.55,9.3,9.55,8.2,11.1,10.15,9.8,7.15,9.05,12.65,9.55,11.15,8.9,9.05,10.05,10.2,10.55,8.8,12.15,10.55,9.45,9.65,8.55,17.2,18.3,13.65,16.85,16.95,16.3,17.9,19.55,15.1,16.45,18.65,17.85,,16.45,18.7,17.25,16.9,17.5,,18,17.35,16.05,16.9,15.55,,15.65,16.15,9.9,7.5
2020-06-22T04:00:00Z,2.15,4.05,4.9,17.7,16,17.4,19.15,19.15,21.45,,,16.9,20.4,16.6,13.1,15.75,,17.5,,19.3,98.15,19.55,4.55,20.8,17.9,,17.55,18.5,8.75,7.8,4.7,6.35,,3.05,3.75,12.2,12.5,9.9,12.55,13.1,12.55,9.45,11.8,15.5,11.5,12.2,11.05,11.8,24.95,12.05,13,11.3,15,13.3,11.8,13.45,10.6,16.8,17.75,13.4,17.2,17.1,15.95,17.45,20.2,15.1,18.65,18.85,17.8,,16.1,18.55,17.55,17.6,18,,19.05,17.2,16,16.85,17.1,13.35,15.1,16,8,6.05
2020-06-22T05:00:00Z,2.1,4.4,5.75,9.65,18.35,23.25,14.6,20.35,27.15,,,14.6,21.8,20.05,13.15,14.3,,16.75,,18,17.7,11.3,6.95,21.75,18.25,32.95,20.35,22.9,7.45,7.2,4.9,6.65,9.85,3,6.6,14.1,14.85,10.55,13.2,13.85,14.3,11.5,13.75,14.3,12.05,12.95,12.35,13.95,48.95,14.3,14.55,12.7,17.7,14.95,13.55,15.45,12.7,16.2,17.5,12.6,15.85,16.75,15.65,17.3,19.55,14.95,16.85,17.75,17.2,,16.75,17.65,17.35,18.1,18.45,,18.75,20.55,16.2,17.7,16,14,16,16.9,8.1,6.1
2020-06-22T06:00:00Z,2.2,4,4.8,9.2,15.35,17.15,13.3,16.5,16.45,,,13.4,19.05,16.6,13.55,14.15,,16.85,17.75,17.25,16.7,5.3,9.45,22.9,19.2,33.25,20.45,21.2,7,6.85,4.5,7.1,8.6,3.05,4.35,13.15,14.15,10.85,13.95,14.35,14.3,11.8,13.2,15.9,11.8,13.45,12.1,13.55,17.9,12.7,14.6,12.2,16.7,14.3,12.4,14.25,11.8,16.15,17.9,13.15,16.45,17.4,16.15,16.95,24.5,15.9,19.2,16.8,18.8,,17.3,17.9,17.25,19.3,19,,16.45,14.25,16.35,18.4,15.15,13.25,15.65,16,9.25,7
2020-06-22T07:00:00Z,2.15,3.75,4.55,3.85,15.2,15.8,13.55,16.2,16.65,,,14,17.6,15.8,13.7,13.2,15.8,18,16.55,17.9,17.7,2.4,10.25,20.8,18.9,31.9,18.4,19.1,7.1,7.2,4.9,7.05,9.6,3.3,4.5,20.35,17.15,15.05,14.05,20.55,19.55,15.7,15.55,13.85,14.15,18.5,17.25,17.75,16.1,17.05,20.3,12.8,19.2,19.7,16.35,20.45,14.6,16.8,18.1,13.45,16.45,17.1,16.15,17.95,20.15,15.5,19.1,17.8,18.2,,16.85,19.25,18.3,18.4,18.3,18.15,17.15,17.05,16,17.95,16.1,14.75,16.1,16.8,10.6,8.55
2020-06-22T08:00:00Z,2.3,4.2,4.4,3.85,14.9,19.35,16.05,18.3,18.85,,,16.3,21.75,16.9,12.65,15.4,,19.6,19.35,18.85,,2.85,9.75,24.15,21.95,36.15,21.5,19.15,8.15,8.45,5.2,6.6,10.75,3.45,4.6,16.65,15.95,12.5,14.6,16,16.7,13.6,15.05,16.35,15.2,14.9,13.4,15.9,15.3,15.05,16.65,14.3,17.05,16.6,16.05,15.75,14.15,19.8,21.1,15.4,19.6,20.2,18.9,19.55,24.15,14.6,17.1,18.45,19.3,,17.6,20.2,18.1,19.05,17.85,17.95,18.55,17.4,16.55,17.7,15.2,14.15,16.25,16.65,12.05,9.5
2020-06-22T09:00:00Z,2.3,3.9,5.5,3.5,20.15,26.25,18.9,26.15,25.2,,,21.7,30.25,23.2,17,18.25,21.7,22.85,25,23.85,,3.8,7.3,25.45,24.25,,23.25,23.35,7.45,6.15,3.1,6.5,7.55,3.7,4.35,17.55,17.95,14.4,15,17.6,18.1,15.25,16.85,17.45,16.8,16.8,14.45,17.1,17.8,16.35,18.55,16.65,18.2,18.8,17,17.1,15.05,21.9,23.95,17.7,22.5,22.55,20.95,22.3,27.75,15.25,15,19.2,21.45,,16.85,22.45,19.55,20.9,18.2,18.75,19.25,18.7,16.05,17.95,15.1,15.1,17.75,17.65,13.9,11.2
2020-06-22T10:00:00Z,1.7,3.1,3.25,2.6,24.7,29.95,21.2,30.15,28.45,,,25.8,32.15,27.35,21.4,22.25,26.25,27.8,29.4,29.3,27.2,4.15,5.6,29.65,28.75,39.35,26.65,26.6,4.3,5.1,2.8,6.25,5.6,3.85,4.4,19.8,18.65,16.8,15.3,19.95,20.2,17.15,18.2,18,19.3,18.75,16.25,19.3,19.45,18.7,20.95,18.4,20.85,21.2,18.15,18.7,18.2,24.2,27,18.3,24.2,25.1,23.2,23.6,28.65,15.95,14.45,17.95,22.8,,16.5,24.35,21.4,21.65,19.8,19.05,18.55,18.4,15.15,17.9,15.4,17.15,19.8,17.3,16.55,13.95
2020-06-22T11:00:00Z,0.95,2.4,2.55,2,27.5,32.9,26.1,33.7,30.85,,,29.6,34.5,30.6,24.7,27.95,30.85,30.95,31.9,32.2,31.05,4.15,5.15,34.65,30.7,41.6,30.8,30.1,2.45,4.05,2.75,5.75,,4,4.65,17.9,16.75,15.8,14.9,19.2,19.15,15.25,17.5,19.05,18.2,17.2,14.8,17.65,17.85,17,19.25,16.95,19.1,18.9,16.55,17,17.85,26.85,31.3,20.65,28,28.05,26.65,29.55,33.15,16.75,14.65,19,24.05,,16.6,26.05,24,23.4,21.5,20.95,19.5,18.4,15.5,19.95,16.9,19.55,22,18.9,21,18.9
2020-06-22T12:00:00Z,0.95,3.2,3.5,2.65,27.7,33.8,27.75,35,32.05,,,30.65,36.3,31.35,26.15,29.8,33.35,34.1,32.2,33.2,33.9,4.5,6.5,35.5,28.75,43.4,34.25,33.4,1.7,3.25,1.9,3.45,,4,4.8,14.85,14,13.55,15.25,16.55,15.85,12.45,14.9,18.25,16,14.7,12.8,14.55,14.9,14.35,16.85,14.4,17.2,16.1,14.25,14.55,15.35,29.3,32.85,25.3,31.45,30.85,29.25,32.95,37.15,21.7,18.75,20.75,27.15,,21.8,,28,29.1,25.8,24.3,20.5,18.6,21.65,25.6,19.8,22.35,26.9,24.25,22.35,19.6
2020-06-22T13:00:00Z,1.6,4.45,4.5,3.3,33.1,36.9,30.8,39,36.15,,,31.85,37.2,35.9,29.5,31.2,34.75,36.1,36.75,36.7,35.3,4.7,6.7,33.3,28.4,43.7,33.2,36.4,1.4,1.4,0.9,7.3,,3.65,5.35,12.15,11.75,10.55,14,12.7,12.5,10,12,15.9,12.4,11.5,10.35,12.05,11.85,11.65,12.95,10.65,14.55,13.15,11.8,11.95,11.9,30.5,33.85,27.5,33.05,32.25,32.85,34.85,38.95,23.55,23.5,25.4,25.75,28.05,22.55,29,30.95,31.05,28.65,27.5,23.35,21.75,21.05,28.6,26.35,25.25,26.35,28.15,25.15,21.65
2020-06-22T14:00:00Z,2.75,15.9,4.65,3.4,32.8,,35.1,39.4,36.55,,,32.75,39.1,35.85,33.7,34.4,36.85,39.4,37.35,40.35,39.05,5.25,5.3,32.85,26.9,42.4,33.4,35.8,1.55,2.45,1.3,16.1,,3.8,4.15,10.45,11.35,9.35,9.2,11.75,12.25,9.35,11.5,11.45,11.1,10.4,10,11.6,24.05,10.9,11.55,10.1,12.9,12.25,11.45,11.5,10.25,34.1,37.1,29.75,35.15,35,34.35,36.75,41.45,25.15,29.85,25.75,31.45,,28.1,34.9,32.8,33.2,30.55,30.5,23.6,23.15,27.15,31.45,30,25.65,31.1,29.6,32.35,29.55
2020-06-22T15:00:00Z,2.45,5.6,5.45,3.95,31.5,37.4,35.9,38.2,46,,,33.95,38.45,34.25,34.45,34.95,37.45,39.3,36.4,39.1,40.05,4.35,4.25,32.8,28.25,42.2,33.45,35.1,3.95,3.7,2.85,4.2,,3.85,4.15,10.35,11.1,9.25,6.8,11.1,11.25,9,11.1,11.85,10.6,9.75,9.35,11.35,34.95,10.6,11.1,10.65,12.3,11.8,10.55,11.1,10.75,35.35,38.6,30.65,36.7,36,36,38.05,42.85,26.3,35.7,30.2,34.15,,32.1,37.6,34.55,35.3,32.1,32.3,30.65,29.7,30.65,33.35,32.1,26.65,34.1,31.65,35.35,33.5
2020-06-22T16:00:00Z,2.65,5.75,7.05,4.55,31,35.75,34.4,36.5,37.35,,,33.25,38.2,34.45,34.05,34,36.95,37.5,34.95,37.65,37.85,2.7,2.8,34.45,30.2,41.8,35,35.6,4.55,3.95,2.45,3.95,7.55,2.55,4.05,11.05,10.45,9.8,11.8,12.2,11.6,8.7,11.05,13.05,11.2,10.5,9.6,11.15,32.25,10.55,11.95,12.25,12.95,11.5,10.85,10.95,11.2,36,38.45,32.05,37.2,36.9,36.65,37.7,43.55,27.4,33.85,32.4,35.05,,31.9,38.6,33.7,35.35,33.8,38.25,32.25,31.8,30.85,35.45,33.25,27.75,34.95,31.8,36.8,34.8
2020-06-22T17:00:00Z,3.05,6.5,7.6,5.1,31.85,34.75,34.25,33.75,35.2,,,32.9,38.05,34.95,34.35,34.7,35.3,37.55,34,37.65,38.45,1.45,2.65,34.8,31.2,43.7,37.35,34.95,4.5,2.25,1.1,3.2,8.3,1.1,2.3,11.05,10.25,9.55,14.05,12.4,11.15,8.45,10.2,14.15,11.9,10.3,9.95,10.25,17.35,11,11.7,10.45,12.7,12.8,11,10.45,11.1,36.4,37.95,32.25,37.3,37.2,36.65,37.2,43.6,25.85,34.1,28.65,31.7,,28.05,35.5,32.05,33.85,31.4,,28.45,27.85,28.25,32.1,30.65,24.15,31.55,29.5,35.55,33.9
2020-06-22T18:00:00Z,15.8,7.5,6.55,8.2,31.5,34.2,32.5,33.7,38.95,,,33.25,36.25,33.65,32.05,33.15,33.4,36.1,34.4,35.8,37.1,1.25,3,34.1,32.6,38.35,37,34.2,5.25,3.35,2.05,2.2,9.6,1.15,1.35,11.65,10.35,9.5,15.4,12.2,11.55,8.35,10.5,14.3,11.7,10.65,10.4,10.1,10.45,11,11.85,10.15,12.35,13.25,11.65,10.35,11.25,35.95,35.25,30.85,36.1,36.2,35.75,35.7,41.75,24.35,26.5,25.5,28.15,,27,31.5,29.15,30.8,28.05,,25.1,23.6,26.15,27.7,24.85,22.25,27.4,27.8,34.65,32.9
2020-06-22T19:00:00Z,5.6,6.1,5.3,10.45,31.35,34.85,34.15,35.05,37.7,,,34.4,37.95,33,31,33.8,,34.95,34.05,34,35.9,2.1,2.8,32.45,31.45,38.5,33.85,31.7,4.55,2.35,1.75,1.55,9,1.25,1.35,12.5,10.45,10.55,14.5,12.9,12.1,8.1,10.5,12.65,13.6,11.4,10.85,10.15,12.75,11.25,12.7,10.15,13.5,12.6,11.6,11.2,11.85,30.05,30.8,25.5,29.55,29.55,31.15,31.75,34.45,22.35,21.85,23.9,24.25,,25.5,27.4,27.4,27.85,24.1,,22.65,22.1,24.2,23.05,21.55,20.15,25.1,24.15,34.9,32.75
2020-06-22T20:00:00Z,4.1,5.9,5.25,7.65,28.1,32.05,30.45,29.15,29.25,,,29.85,32.4,30.65,29.95,32.25,33.2,34.6,30.7,34.65,35,2.35,3,29.4,27.75,33.85,30.9,30.8,2.85,2,1.7,2.8,,1.5,1.4,10.8,9.85,8.85,11.8,11.05,11,7.65,10.45,9.45,12.2,9.3,9.05,8.25,8.55,10.15,10.3,8.55,11.95,10.25,11.4,9.7,9.05,25.35,25.15,19.85,24.45,23.95,24.6,25.85,27,20.45,19.8,24.05,21.2,,23.6,23.95,24.2,23.6,20.75,,23.25,22.7,21.7,19.9,18.85,,21.8,21.55,36.4,33.8
2020-06-22T21:00:00Z,3.55,6.15,5.8,5.55,25.1,31.45,31.05,27.85,34.2,,,26.85,32.2,27.9,26.3,30.4,31.3,31.3,28.05,30.75,31.25,4.45,2.8,23.65,21.55,27.95,24.55,23.6,2.2,1.7,1.4,2.1,,1.45,1.45,6.8,6.05,6.15,12,7.15,7,4.5,6.4,11.3,6.35,5.45,5.9,5.2,5.4,7.15,5.85,5.25,7.45,7.1,6.7,6.45,6.05,21.5,22.85,17.1,21.3,20.65,21.15,23.25,23.1,18.65,19.15,21.55,19.6,21.15,21.1,21.55,22.45,20.85,20.35,,21.05,20.55,19.3,19.95,18.45,17.1,20.25,21,31.2,27.7
2020-06-22T22:00:00Z,3.55,6.4,6.05,6.05,27.2,32.35,30.3,29.05,30.65,,,23.85,31.6,30.2,28.55,28.95,29.35,31.75,30.35,32.5,32,6.5,3.15,26.45,22.3,28,26.5,30,1.75,1.35,1.05,2.05,,1.65,1.55,9.8,8.9,7.85,11.05,10.1,9.3,6.65,9.05,11.05,10.1,8.55,8.6,7.4,9.8,10.05,9.75,7.55,11.05,10.3,9.8,9.15,9.15,17.85,18.6,14.1,17.45,17.4,17.75,18.8,18.9,18.3,16.35,21.5,16.75,,20.35,18.4,20.45,19.8,18.1,,20.65,20.5,18.5,17.1,15.65,,17.5,18.65,24.25,
2020-06-22T23:00:00Z,4.15,7,6.35,6.65,23.4,27.85,26,25.8,31.35,,,18.6,27.6,26.95,26,25.3,25.55,29.3,27.35,29.95,28.55,5.7,6.2,24.4,20.95,29.9,24.4,28.35,2.2,2.05,1.5,2.55,,1.85,1.6,12.85,10.8,10.5,10.45,13.05,12.35,8.75,11.1,12.65,12.7,11.1,11.1,10.05,13.1,13.15,12.6,9.95,12.7,13.55,12.35,11.2,12.15,15.7,16,12.4,16.1,15.35,15.75,16.9,16.85,15.6,15.2,19,15.9,,17.55,17.05,17.5,16.95,16.4,,18.55,18.1,16.15,15.35,14.6,,15.75,16.25,17.7,13.65
2020-06-23T00:00:00Z,4.25,7.5,,8.2,15.6,19.15,21.35,17.85,22.35,,,13,19.5,18.75,19.85,16.45,17.05,20.35,18.85,22,20.8,4.55,5.3,21.65,19.85,27.4,21.7,21.2,2.5,2.3,1.7,2.55,,2.05,1.7,13.6,11.55,11.55,10.4,14.1,13.3,9.55,11.05,13.5,13.4,12.15,11.6,11.05,14.5,12.85,13.6,10.65,16.4,14.2,13.2,11.75,12.45,14.25,14.95,11.05,13.6,16.25,13.7,15.35,15.2,14,17.2,16.8,14.4,,15.1,16.05,15.9,15.2,14.8,,15.7,15.95,14.3,14,13.05,12.25,14.3,15.05,12.05,8.85
2020-06-23T01:00:00Z,4.7,8.7,,8.1,13.6,17.05,21.45,15.65,19.85,,,11.9,17.5,16.4,14.8,15.1,,17.75,16.25,18.35,18.25,1.75,4.75,17.65,15.8,,17.4,17.2,1.9,1.65,1.15,1.95,,2.5,2.25,13.7,11.7,11.55,9.3,14.5,13.4,10.05,10.9,14.25,13.95,12.25,12.1,11.5,16.85,13.7,14.25,11.15,17.05,14.5,13.25,12.25,13.65,12.25,12.65,9.8,12.9,12.45,11.7,13.25,13.6,12.7,13.5,14.65,13.75,,13.9,15.05,14.95,13.9,13.75,,13.1,14.4,12.9,12.65,12.35,11.15,13.5,13.9,12.25,8.25
2020-06-23T02:00:00Z,5,10.25,,8.45,11.6,12.8,13.95,12.45,19.65,,,9.75,13.25,13,12.35,10.75,11.6,13.2,12.35,15.1,14,2.65,4,16,14.05,,15.4,15,1.8,1.6,1,1.65,,1.95,2.5,15.3,14.3,12.05,11.1,15.15,14.95,11.85,13.75,13.85,13.95,14.55,13.8,15.4,14.6,15.8,15.5,12.35,17.4,17.6,14.95,15.4,14.95,11.85,12.55,9.55,12.15,12.2,11.2,13.25,13.45,11.35,14,12.95,13.3,,12.05,13.15,13.2,12.45,12.6,,12.65,12.8,11.55,11.85,11.55,9.65,11.8,12.25,11.75,8.95
2020-06-23T03:00:00Z,5.6,10.65,7,8.25,10.55,12.85,22.2,12.9,18.25,,,10.5,15.8,13.45,10.55,11.95,,13.25,14.3,14.05,13.85,1.35,2.3,12.95,11.7,,11.8,12.15,1.4,1.35,0.6,1.45,,1.4,2.2,12.1,12.2,9.85,13.35,12.35,12.5,9.65,12.3,12.5,11.1,11.2,11.2,11.35,12.1,12.15,12.4,9.9,14.4,13.85,12.3,13,11.5,13.05,13.9,10.25,13.35,13.45,12.3,13.85,16.6,12.4,15.2,13.05,14.15,,12.15,14.4,14.05,13.5,12.85,,13.05,12.45,11.85,12.55,11.25,10.7,12.95,13.2,12.7,10.55
2020-06-23T04:00:00Z,6.8,9.9,7.1,11.35,11.15,12.15,16.2,11.85,13.7,,,11.55,13.65,13.45,12.15,12.2,,14.85,12.45,15.6,15.1,8,3.25,14,11.85,,13.5,15.8,2.4,1.4,0.55,1.8,,1.3,1.6,10.9,11.3,9.35,15.15,11.15,11.25,8.6,11.05,12.7,10.35,9.9,9.75,10,33.9,10.95,11.35,9.55,14,12.6,11.05,11.65,10.25,15.45,16.4,12.15,15.35,15.85,14.75,17,18.05,12.65,12.3,14,16.45,,12.9,16.45,15.55,15.1,14.3,,13.65,13.4,12.95,13.5,12.4,12.9,14.2,14.65,12.35,10.35
2020-06-23T05:00:00Z,6.55,6.6,5.1,7.35,14.7,18.4,13.25,18.35,24.05,,,18.1,21.75,16.3,12.6,15.5,17,16.9,17.95,18.15,17,11.65,3.65,15.4,12.7,,13.85,15.95,3.15,1.1,0.6,2.2,,1.5,1.6,11,11.35,9.6,18.3,11.95,11,8.45,10.55,12.95,12.2,10.25,9.9,9.65,14.2,10.75,11.8,10.25,15.15,11.95,11.1,11.1,9.5,17,18.5,13,16.3,,16.55,19,18.95,13.3,13.4,14.85,16.95,,13.6,17.2,16.95,16.35,14.95,,14.45,14.25,13.15,14.3,13.2,12.75,16.1,15,13.35,11.6
2020-06-23T06:00:00Z,6,4.5,4.1,4.9,23.2,28.25,18.7,26.75,27.6,,,24.4,30.85,25.15,18.3,23.65,27.85,26.55,27.15,27.55,25.2,1.6,5.25,27.25,21.2,35.6,23.95,27.15,2.65,3.8,2.65,2.7,,1.4,1.8,14.15,13.05,11.35,22,15.6,14.15,10.05,12.2,12.5,14.25,12.85,11.45,11.25,12.7,12.55,14.2,11.1,20.4,14.15,13,12.45,10.7,18.3,20.7,14.75,18.4,19.85,19.3,19.8,19.75,14.5,14.4,15.85,18.1,,14.6,18.4,18.1,17.45,15.7,,16.05,16.25,14.25,15.35,14.45,15.6,16.9,18.85,11.3,9.6
2020-06-23T07:00:00Z,5.35,3.55,4,4.2,26.55,29.75,28.55,30.1,29.65,,,27.45,32.35,28,25.35,27.8,31,33.1,29.9,33.8,32.6,4.1,9.8,27.1,18.95,39.45,25.5,31,2.5,3.35,3,2.8,,1.65,2.05,15.45,12.85,14.8,20.85,18.55,18.75,11.9,14.75,15.65,20.05,15.65,13.65,12.1,12.15,14.85,17.35,13.9,19.65,14.25,13.65,13.55,13.1,20.95,23.7,16.4,20.7,22.05,21.95,20.7,21.95,15.4,18.85,17.85,19.85,,16.05,21,20,19.6,16.4,,17.7,17.75,15.25,15.75,14.8,15.7,19.4,17.95,15.5,14.3
2020-06-23T08:00:00Z,4.2,3.7,3.45,3.4,26.5,28.5,29.55,29.8,29.6,,,24.5,31.45,27.9,27.45,26.4,30.5,34.15,29.6,34.45,33.3,4.45,3.9,29.05,20.45,40.45,26.9,31.3,2.65,2.95,1.8,4.05,,1.6,,14.15,13.05,12.95,23.3,16.4,16.55,11.45,13.15,17.25,15.8,13.55,11.85,12.5,13.5,12.8,15.05,11.9,18,13.9,12.3,12.75,12.05,22.5,24.7,17.8,22.3,23.4,22.35,22.65,26.05,18.45,14.15,18,22.2,,17.2,23.2,24.1,23.95,17.45,23.4,18.4,18.8,17.25,16.2,19.9,18.3,21.75,21.85,17.85,16.85
2020-06-23T09:00:00Z,3.2,2.35,1.85,1.85,27.7,31.55,29.3,31.1,30.45,,,30.45,35.05,28.25,28.05,27.35,32.8,34.6,30.7,34.15,33.35,3.45,3.35,29.8,22.55,39.55,28.1,32.3,3.7,3.75,2.4,4.25,,1.8,,17.65,16.3,14.9,26.05,18.75,19,13.85,17.05,22.15,16.9,16.05,14.2,16.15,17.5,15.35,18.5,14.4,20.6,16.7,14.55,15.85,13.8,26.9,28.1,19.45,25.45,27,25.2,26.05,30.7,21.3,15,20.8,20.9,,18.6,24.8,28.3,29.3,19.5,27.5,19.5,18.55,18.55,18.8,16.25,20.6,24.95,23.1,14.6,13.35
2020-06-23T10:00:00Z,3.65,2.35,1.9,1.7,31.05,35.4,34.7,33.75,33.2,,,32.1,36.25,33.15,30.15,34.45,37.3,40.5,33.8,39.25,39.45,3.7,,34.15,26.4,41.95,31.65,34.6,4.65,3.8,2.15,3.75,,2.4,2,21.95,19.65,17.05,26.35,20.85,23,16.6,20,26.45,19.55,19.3,17,20.85,20.3,18.9,22.6,17.45,24.15,19.95,17.4,18.5,15.75,29.1,30.9,22.2,27.75,29.75,27.65,30.6,30.3,22.25,14.55,24.45,23,22.1,20.9,24.15,30.2,30.5,21.4,29.45,23.9,23.45,19.6,21.15,16.65,19.9,27.35,23.45,18.55,16.05
2020-06-23T11:00:00Z,3.8,3.15,2.6,2,27.95,29.95,33.55,31.15,30.15,,,26.3,31.25,30.6,31.7,29.7,33.05,36.7,30.4,36.8,36.2,3.55,,35.25,29.35,45.65,33.5,34.75,4.6,3.3,1.5,3.35,8.8,2.75,2.05,23.6,21.55,16.45,20.65,21.8,23.35,17.5,20.25,18.95,21.65,20,17.4,22.95,20.85,19.95,23.6,19.4,25.35,22.35,19,20.1,16,30.3,33.25,24.5,31,31.6,29.4,29.95,29.7,23.3,15.4,24.55,27.55,,17.85,28.45,30.9,29.6,23.15,27.6,21.25,19.9,17.85,21.75,17,20.75,29.85,24.65,22.6,19.7
2020-06-23T12:00:00Z,3.85,3.35,3.6,2.2,26.75,31.3,31.45,32.7,30.15,,,29.05,32.7,30.15,32.7,30.95,33.8,34.6,30.35,35.95,34.05,4.75,2.15,36.25,32.55,41.95,34.55,35.55,2.6,2.5,0.9,3.4,6.8,2.95,2.35,19.7,16.1,15.4,15.8,20.15,21.25,14.25,17.8,10.45,17.15,17.25,15.15,17,14.1,14.65,18.15,15.1,21.5,15.7,18.5,16.3,14.05,32.9,34.5,24.95,31.5,33.15,31.65,32,37.5,21.85,17.1,22.15,32.8,,19.3,36.2,30.9,30.15,25.8,28.8,21.25,20.1,18.75,21.55,19.55,21.75,31.3,24.7,17.8,
2020-06-23T13:00:00Z,4,1.5,2.05,1.35,29.1,33.05,33.25,35.4,34,,,29,34.7,33.15,31.75,31.55,34,36.4,32.8,36.25,36.1,4.45,5.65,38.7,33.4,43.15,37.05,37.6,2.25,1.35,0.5,3.5,,2.8,2.4,12.55,11.8,11.05,17.6,13.45,12.65,8.8,10.9,10.35,13.85,12.25,10.6,11.6,12,12.45,14.85,11.8,15.15,12.8,11.2,11.25,10.4,33.2,35.55,26.6,32.9,33.7,34.05,34.1,39.9,27.9,23.65,30.95,33.3,32.85,30.45,36.9,36.3,36.95,31.8,33.5,29.7,28.05,29.85,32.95,30.9,28.75,32.8,33.5,22.5,19.6
2020-06-23T14:00:00Z,5.7,3,5.7,3.65,31.05,34.7,32.75,34.8,44.65,,,31.45,35.5,36.1,33.75,31.35,33.8,37.1,35.55,38.35,36.2,4.25,4.45,39.7,33.85,50.85,38.5,38.95,2.2,2.1,1.4,3.75,,2.35,2.6,8.85,8.75,8.55,12.75,9.3,8.65,6.55,8.1,7.4,10.6,8.25,7.6,8.45,8.9,8.7,10,7.95,11.1,9.1,8.2,8.4,7.75,33.8,36.95,28.45,34.8,34.7,33.3,36.15,40.75,29.3,32.75,35,33.6,36.55,35.55,36.75,37.75,38.55,34.9,35.2,34.05,32.75,34.2,35.8,34.85,31.1,33.7,35.1,28.6,26.05
2020-06-23T15:00:00Z,5.25,5.55,6.45,4.5,35.25,37.15,36.75,38.15,36.95,,,31.15,38.1,38.3,34.35,33.55,35.5,39.55,37.1,39.4,38.95,3.9,3.7,41.2,34.55,48.45,40.65,41.15,2.65,2.45,1.3,2.9,6.8,2.65,3.1,8.8,7.65,7.2,13.75,8.55,8.45,6.25,7.6,10.5,8.2,8.05,7.4,7.8,7.8,8.05,9.35,6.55,12.3,9.7,7.6,7.85,7.6,35.5,38.4,30.55,36.45,36.1,35.9,38.2,43.6,32.3,34.1,35.95,33.25,34.95,35.65,35.55,40.7,41.05,34.25,37.85,35.5,35.1,34.6,34.45,36.2,32.05,34.7,36.4,30.5,29.05
2020-06-23T16:00:00Z,4.35,6.35,8.8,5.25,37,39.75,37.1,39.95,38.8,,,34.65,40.35,40.25,34.35,36.85,38.4,40.75,39,40.45,40.4,2.75,2.25,43.15,36.9,49.45,41.8,40.85,5.45,3.8,2,3.55,,2.8,3.65,7.9,7.85,6.45,14.4,9.2,8.05,6,7.8,10.1,8.4,7.4,6.85,7.5,7.55,7.7,8.2,7.1,9.05,9.25,7.8,7.55,7.4,36.8,38.7,31.95,37.5,37.65,37.4,37.2,44.5,29.75,33.4,31.1,33.65,35.85,32.15,38.7,36.9,38.35,34.6,,32.05,30.8,31.9,35.7,34.05,27.7,35.95,32.25,35.1,33.25
2020-06-23T17:00:00Z,4.15,7.65,7.95,6.4,35.9,40.15,36.85,37.9,40.2,,,36.45,41.7,39.95,37.15,37.45,38.2,42,39.55,41.5,41.15,2.6,2.25,40.25,36.6,47.6,41.55,40.9,4.85,5.5,3,4.35,,2.4,3.05,9.4,9.35,8.3,15.95,9.7,10.05,7.4,9.35,9,9.4,8.3,8,9.3,9.2,9.3,9.85,8.55,10.35,11.15,9.35,9,9.65,36.65,38.15,32.65,37.25,37.5,38,38.45,44.55,24.75,31.75,27.5,34.05,33.85,27.9,38.85,31.4,33.4,33,,27.7,26.3,27.2,32.85,32.05,23.25,36.3,29.5,36.4,33.85
2020-06-23T18:00:00Z,5.2,4.3,4.4,37.65,34.15,38.4,38.1,36.85,36.55,,,36.85,40.5,37.4,35.65,37.6,38.1,41.4,37,40.15,41.05,2.4,2.2,33.85,30.45,44.4,37.25,36.5,3.9,2.15,1.65,5.1,,1.4,4.9,11.25,9.8,8.95,18.35,10.85,10.75,7.9,10.4,10.05,11.25,9.25,8.85,10.1,9.85,10.15,11.05,9.3,11.8,10.9,10.6,9.45,10.45,34.85,35.65,29.7,34.55,35.15,35.7,36,40.75,25.9,28.55,26.7,30.3,31.35,28.25,34.4,31.3,32.5,31.05,,27.55,25.8,28,29.9,28.95,23.85,30.9,29.35,30.4,28.4
2020-06-23T19:00:00Z,10,3.3,3.45,28.6,30.15,34.25,35.4,33.95,32.8,,,33.95,35.75,33,33.4,35.45,36.6,38.6,33.5,36.65,38.55,2.65,2.65,31.7,28.65,46.95,32.7,32,1.85,1.45,1.3,5.85,,,1.25,12.65,11,10,19.8,11.95,11.6,8.55,10.4,16.8,12.6,10.4,10.35,11.55,11.15,12.05,13,10.75,13.4,13.05,11.3,10.7,12.05,30.45,31.5,24.15,28.9,30,32.55,29.75,33.5,24.55,22.75,29.4,23.2,25.8,27.4,26.7,29.75,30.15,25.9,,29,27.8,26.45,24.65,22.5,,23,25.7,24.65,21.65
2020-06-23T20:00:00Z,5,3.2,2.95,2.8,29.35,34.8,32.85,33.8,32.6,43.6,,34.15,36.85,31.9,30.35,35.5,37.05,36.4,32.8,35.4,36.7,3.9,3.05,30.4,27,44.25,31.05,30.1,1,0.45,0.4,2.05,,,0.65,14.05,12.2,12.05,15,14.15,13.5,9.25,11.95,12.95,15.3,12.7,12.25,13.1,11.85,14.4,14.65,11.4,16,14.4,12.8,12.55,13.5,22.05,23.1,15.75,19.9,21.4,23.9,21.05,21.9,20.5,18.3,26.1,18,19.15,23.45,20.4,24.1,23.05,19.1,,25.4,24.85,21.8,18.05,17,,19.35,20,26.1,
2020-06-23T21:00:00Z,3.1,3.1,2.9,2.65,29.45,32.65,32.8,31.2,31.05,45.8,,25.65,33.15,31.65,30.65,31.25,30.9,34.55,32.05,34.5,34.75,6,2.75,29.55,27.2,33.25,29.8,30.95,,0,0,0.1,,,0.4,9.15,8.3,7.7,10.25,9.8,8.95,6.4,8.75,9.7,9.45,8.1,8.3,8.95,7.85,9.45,9,7.25,10.15,9.35,9.15,8.15,8.2,19.75,20.05,14.85,18.25,18.9,20.35,19.15,20.15,17.45,15.45,20.65,15.2,17.15,19.15,16.95,19.55,18.6,17.4,,20.15,19.7,17.8,16.4,14.8,14.95,16.9,17.45,27.45,
2020-06-23T22:00:00Z,2.3,3.55,3.3,3.25,23.15,28.3,24.35,26.45,27.6,,,20.35,28.95,26.85,25.3,24.9,24.9,27.65,27.25,28.1,27.6,9.25,2.8,26.7,24.7,30.35,26.85,27.2,,0,0,0.25,,,0.25,7.9,7.05,6.25,10.25,8.1,7.75,5.45,8.5,8.55,8.15,6.55,6.95,7.35,17.65,8,7.4,6.15,8.15,8.45,7.75,7,7.3,16.35,17,12.55,15.15,16.2,16.95,16.8,17.15,16.8,15.55,19.05,17.9,16.15,18,17.65,18.65,17.6,16.6,,18.65,18.4,16.45,15.2,14.85,14.8,15.5,16.9,26.75,
2020-06-23T23:00:00Z,2.05,4.55,4.95,4.1,19.55,22.8,23.1,22.55,22.55,,23.7,15.4,22.6,22.8,22.05,20.9,21.85,25.15,22.9,26.05,25.2,11.5,6.2,22.55,19.95,27.45,22.95,25.6,0.65,0.55,0.2,0.5,,,0.4,7.9,7,6.4,10.5,8.45,7.75,5.5,7.5,9.25,7.55,6.55,6.95,6.85,10.6,7.5,7.6,6.25,7.85,8.45,7.8,7,7.2,11.9,11.75,8.85,10.7,11.95,12.2,11.85,11.6,14.7,13.15,17.7,13.95,14.1,16.5,14.85,16.45,15.4,14.35,,19.15,17.35,14.9,13.85,12.45,,13.1,14.4,21.7,17.75
2020-06-24T00:00:00Z,2.65,6.25,5.4,9,16.65,20.2,23.35,20.15,19.75,,21.55,13.75,20.85,20.5,18.65,19.45,21.15,23.35,20.5,23.5,23.4,10.55,10.65,18.25,15.65,22.45,18.4,21.6,2.3,0.25,0.1,0.75,,0.85,0.75,7.9,6.7,7,9.95,9.05,7.85,5.75,6.55,9.4,7.95,6.9,7.05,6.7,14.7,7.65,7.75,6.25,8.65,8.4,7.85,6.6,7.45,11,11.05,8.75,10.35,11.15,11.3,11.75,11.65,11.7,11.85,13.75,12.6,,12.6,13.95,13.25,12.25,13,,14.3,13.55,11.75,12.05,11.5,10.4,12.65,12.7,17.65,13.95
2020-06-24T01:00:00Z,3.4,6.95,6.2,5.6,15.65,19.2,24.95,17.6,23.1,,20.4,14.4,19.85,18.05,18.1,18.1,19.5,22.15,18.15,21.45,21.75,8.3,9.35,15.85,13.5,21.75,15.4,20,0.7,0.85,,1.95,,1,0.75,7.6,6.4,6.2,9.3,8,7.35,5.45,6.4,7.85,7.75,6.75,6.6,6.7,9,7.1,7.55,5.9,7.65,8.25,7.5,6.45,7.1,12.6,13,10.15,12.45,12.6,12.95,13.7,14.1,11.4,11.8,13.1,12.65,,12.15,14.2,12.95,11.95,12.8,,12.45,13.15,12,11.95,11.65,10.6,12.3,12.8,15.9,12.55
2020-06-24T02:00:00Z,3.85,7.75,7.15,5.8,15.4,17.35,29.05,16.95,21.45,,18.5,13.9,19.7,17.55,16.55,16.2,,19.25,17.9,20.05,,9.45,8.6,17.35,15.4,,16.25,19,0.75,1.5,0.1,1.85,,2.05,1,9,8.25,6.75,7.35,9.75,8.65,6.5,8,10,8.35,10.15,7.05,7.85,9,8.25,9,6.8,10.05,10.05,8.8,8.2,8.7,12.6,13.3,10.1,12.85,12.5,12.4,14.85,14.75,11.3,11.5,13.15,12.65,,11.85,13.9,12.8,12.1,12.65,,12.8,12.95,11.15,11.75,11.45,10.15,12.55,12.2,13.55,11.05
2020-06-24T03:00:00Z,4.25,8.75,8.1,7.85,15.3,17,23.4,17.05,22,,18.7,14.4,20.15,16.9,14.8,15.95,,20.1,17.15,19.15,,10,8.25,19.75,17.3,,17.6,18.05,0.95,0.85,0.2,1.65,,0.95,1.75,10.85,10.75,8.7,6.9,11.6,10.9,8.15,10.4,13.1,10.45,10.55,9.15,10.05,17.9,10.75,11.05,8.95,12.9,12.9,10.8,11.4,9.75,12.3,12.5,9.15,11.35,12.2,11.7,12.15,13.35,12.1,11.45,13.4,12.55,,12.65,13.1,13.7,13.2,12.6,,14.7,13.05,12.2,12.2,11.55,10.35,11.5,12.75,9.9,7.65
2020-06-24T04:00:00Z,4.7,8.75,8.85,8.7,15.25,16.9,20.2,16.9,24.4,,18,14.05,19.8,17.05,15.25,16,17.05,20.4,17.8,20.35,19.4,16.55,10.45,21.75,19.65,34.8,19.1,19.3,1.25,1.25,0.35,2.15,,,1.75,14.35,14.65,11.6,7.95,14.55,14.9,11.25,14.25,13.05,12.75,12.9,11.95,13.05,33.75,13.85,14.6,11.7,17.7,15.55,14.3,15,12.25,12.35,12.85,9.15,11.85,12.5,11.65,13.2,17.7,10.95,11.05,14.2,12.35,,11.9,12.75,13.15,12.5,13.05,,14.85,13.45,11.6,11.15,10.35,,11.05,11.8,9.05,7.1
2020-06-24T05:00:00Z,5.4,7.7,8.1,6.55,15.05,16.25,17.4,15.35,16.65,,15.5,12.2,17.2,16.95,15.1,13.15,14.75,18.45,17.35,18.9,18.95,9.7,14.5,21.2,18.5,,19.25,19.95,2,1.4,0.45,2.5,,0.5,1.5,16.1,15.7,12.6,10.1,16,16.6,12.6,15.8,9.95,13.55,14.25,12.15,14.1,49.05,14.5,16.3,12.6,19.15,15.65,14.95,16.1,14.8,13.1,13.5,9.45,12.3,13.2,12.3,12.75,18.4,10.65,13.15,11.9,13,,12.25,13.15,13.15,12.9,13.4,,12.5,11.35,11.4,12.1,10.55,9.45,11.4,12.15,9.3,7.5
2020-06-24T06:00:00Z,4.55,6.5,6.6,8.95,12.75,13.95,17.15,14,15.5,,13.7,10.9,15.75,14.15,13.9,13.05,14.2,16.9,15.15,16.2,16.85,6.3,14.3,18.95,18.05,,17.7,18.6,2.2,2.25,0.75,3.05,,0.8,2.05,13.85,13.9,10.05,12.85,14.05,14.45,11.05,13.65,10.05,11.3,11.8,10.5,12.65,12.25,12.35,13.55,10.45,15.5,13.65,13.25,13.65,11.2,14.45,15,10.25,13.7,14.75,13.7,13.15,16.35,11.3,19,12.55,14.25,,12.6,14.65,14.4,13.85,14.6,,12.1,10.65,12.1,14.05,11.1,10.65,11.75,12.95,10.4,8.15
2020-06-24T07:00:00Z,4,6.65,6.45,10.2,12.6,14.1,15.3,14.25,15.95,,13.6,12.1,15.95,13.95,12.1,11.95,12.85,15.25,15.05,15.6,15,4.45,10.75,18.5,16.5,,16.4,17.75,5.25,2.6,1,4.1,,1.05,1.9,11.85,11.8,9.1,13.1,11.75,12.3,9.1,11.5,11.5,10.9,10.5,10.4,10.9,9.95,12.05,11.85,10.1,13.7,12.55,11.1,12,9.65,14.8,15.85,11,14,15.35,14.45,14.65,17.35,12.3,14.15,13.25,14.95,,12.65,15.4,14.9,14.7,14.8,,13,12.35,12.15,14.5,11.65,10.75,12.35,13.15,10.5,8.55
2020-06-24T08:00:00Z,4.1,5.75,6.1,5.1,16.85,20.1,16.6,19.1,21.4,,22.45,20.05,25.25,18.65,13.25,16.95,20.95,18.9,20.9,18.9,18.25,3.4,9.15,23.4,19.2,,21.1,17.95,6.2,4.55,2.8,4.15,6.25,0.95,1.95,18.8,19.5,15.3,13.45,18.7,20.75,15.75,19.35,18.1,20.65,18.2,16.15,18.6,19.7,18.1,21.15,18.85,23.55,19.35,19.25,18.85,16,14.6,15.1,10.6,13.55,14.25,13.45,13.95,16.4,12.7,14.35,14.15,15.5,,13.7,16,17.3,15.65,15.55,15.7,14.8,13.95,12.85,14.75,12.2,12.85,12.85,14.35,11.05,9.15
2020-06-24T09:00:00Z,4.15,4.45,4.65,3.75,25.1,30.2,22.4,29,30.75,,27.25,26.15,32.75,27.45,21,23.35,27,27.95,29.55,28.95,26.8,3.1,5.75,31.45,26.7,43.3,29.6,29.5,7.3,5.55,2.35,3.8,8.35,1.15,1.9,23.4,21,19.75,14.35,23.25,23.1,18.6,20.6,19.45,27,21.9,18.85,21.15,20.65,22.45,24,23.5,24.9,22.5,21.8,20.75,17.9,15.5,15.7,11.8,14.05,15.05,14.1,14.5,17.3,13,14.8,15.1,16.1,,14.4,17.1,16.35,15.7,15.25,16.65,15.9,14.75,13.1,14.65,15.7,,13.65,14,13.4,11.3
2020-06-24T10:00:00Z,4.4,3.9,4.9,3.3,27.7,33.1,24.65,33.65,33.35,,27.35,28.95,36.7,31.35,25.9,25.9,28.3,32.9,32.35,33.05,31.6,4.2,5.7,32.8,28.8,43.65,31.1,32.55,6.85,6,2.7,4.65,9.95,1.1,1.8,20.35,17.55,16.65,12.4,19.6,19.45,16.35,17.4,21.05,20.05,18.75,16.05,17.9,17.05,18.85,20.9,17.8,22.6,20.1,16.8,17.85,17.95,22.25,21.8,15.2,18.8,21.7,19.8,19.8,24.2,14.4,13.1,17.3,17.25,16.5,15.9,19.25,17.95,18,16.35,17.55,17.55,16.65,15.5,15.7,14.1,13,14.7,15.5,16.3,13.55
2020-06-24T11:00:00Z,6.15,6.7,5.45,3.7,30.15,36.55,29.1,36.85,35.5,,32.95,32.65,38.5,33.75,27.35,29.1,32.75,34.5,35.3,34.45,33.05,4.85,4.95,35.4,30.5,41.35,33.6,34,6.85,8.45,4.65,4.9,9.8,,1.75,22.45,19.4,18.25,11.75,21.25,21.7,18.25,18.65,23.4,22.65,20.45,17.25,19.8,18.4,21,23.35,20.4,24.2,21.6,19.35,18.95,17.45,29.4,31.1,24.2,29.1,29.7,28.85,29.95,35.8,16.45,12.85,19.15,22,,18.65,24.45,22.3,21.75,18.1,21.1,18.95,16.9,18.15,19.35,15.85,17.1,22.65,19.75,16.35,14.1
2020-06-24T12:00:00Z,9.9,6.55,5.5,4.65,31.9,37.95,30.85,37.45,35.65,,35.65,34.35,39.75,35.35,30.85,33.5,36.45,37.45,36.4,36.75,36.25,5.55,5.7,37.45,31.85,43.6,35.8,36.1,7.55,4.6,1.6,5.15,10.4,1.15,1.7,23.55,19.65,18.3,11.95,22,23.25,18.95,20.75,25,24.65,21.45,18.5,20.8,18.1,21.85,23.95,21.65,25.6,22.35,19.35,19.55,17.4,31.95,34.8,27.4,32.85,33.1,32.15,34.35,39.5,19.5,16.5,21.65,25.6,,22.8,27.7,27.5,26.75,24.2,24.7,20.95,20.1,21.15,23.75,18.85,20.85,25.55,24.35,19,17.25
2020-06-24T13:00:00Z,6.65,9.3,8.6,5.85,31.45,36.95,33.3,37.5,37.85,,35.95,33.8,38.75,35.65,31.8,34.05,37.9,37.95,36,38.35,38.1,5.9,5.7,37.15,31.95,44.25,36.3,36.75,5.6,3.75,1.65,6.5,8.45,1.8,2.35,22.25,18.65,17.7,12.15,22,23.15,17.45,20.3,24.85,22.1,20.35,17.7,18.6,17.2,19.7,22,19.45,24.7,20.6,18.2,19.3,17.2,33.75,36.65,29.55,34.45,34.85,33.8,36.4,41.85,23.8,25.4,27.75,27.8,,27.85,30.95,32.1,31.8,28.75,29.05,26.3,24.8,26.9,28.8,26.6,25,27.8,28.1,23.65,21.75
2020-06-24T14:00:00Z,6,6.1,6.85,4.65,33.8,38.1,33.8,38.3,44.05,,35.35,33.5,39.65,37.65,31.95,34.05,36.9,38.15,37.7,38,37.45,6.95,6.55,37.85,31.65,51.3,37.4,37.35,4.95,3.7,1.4,6.65,7.7,1.8,3.2,24.4,21.35,17.55,11.35,22.7,23.8,18.75,21.75,23,24.4,21.35,18.2,20.55,23.6,21.25,24.15,21.05,25.2,22.5,21.35,20.9,20.65,35.3,38.1,31.2,36.25,36.1,35.45,37.85,43.4,25.85,28.85,31.95,30.95,,31.1,33,33.8,33.45,32.3,31.15,30.6,30.15,29.65,32.85,28.95,26.95,30.1,30.35,29.45,27.35
2020-06-24T15:00:00Z,5.85,5.1,5.85,3.4,33.55,39.75,34.2,38.25,42.85,,37.5,35.2,41.5,37.55,33.15,34.75,37.3,38.25,38.35,37.5,37.75,6.35,6.15,38,30.65,45.7,37.9,36.55,4.85,4.65,2.45,6.4,10.15,2.05,2.7,28.35,25.2,20.25,11.45,25.4,27.15,21.45,24.35,22.7,26.2,24.45,20.75,23.65,46.8,23.15,27.4,22.85,27.25,27.8,25.7,24.25,22.9,35.1,38.25,31.65,36.15,36.05,36.25,37.3,43.3,25.25,29.1,30.2,31.35,,28.45,33.3,32.75,33.5,31.4,31.6,29.4,28.4,27.25,31.9,31.25,24.65,32.5,28.65,33.05,31.95
2020-06-24T16:00:00Z,5.8,7.2,7.6,3.3,33.4,37.45,33.3,37.9,37.4,,37.95,35.4,40.75,36.85,32.4,35.55,36.8,37.3,37.55,36.65,38.15,5.5,4.4,36.55,32.8,43.75,38.7,35.35,5.5,7.25,3.8,5.05,11.9,1.25,2.3,22.95,19.15,17.5,15.65,22.35,23.35,16.5,20.35,26,23.5,21,18.4,18.9,28.9,19.2,22.8,18,23.15,22.65,21.75,19.55,18.25,33.95,36.3,30.35,35.15,35.2,34.95,35.6,42.1,21.9,31.35,23.65,29.8,,,33.7,29.1,30.5,29.5,,23.7,22.35,23.1,30.05,29.2,20.8,29.9,25.55,36.55,34.6
2020-06-24T17:00:00Z,5.6,8.35,9.25,6.95,32,36.15,33.25,35.85,36,,36.15,35.3,38.9,35.7,32.5,34.5,35,37.55,36.35,36.65,37.55,2.85,3.55,36.55,34.15,42.95,39.8,34.65,6.4,5.8,4.25,3.4,11.3,,1.05,24.15,22.4,19.2,18.4,23.8,24.6,17.4,21,23.2,26.25,22.55,21.1,21.2,29.55,22.45,25.75,19.2,25.95,25.75,24,22.05,21.65,31.3,32.8,28.05,32.15,31.9,32.2,33,38.95,23.05,24.8,24.15,27.85,,24.5,31.1,27.9,30.7,28.2,,24.15,22.55,24.4,27.25,24.65,19.8,27.45,24.75,34.6,32.15
2020-06-24T17:00:00Z,5.6,8.35,9.25,6.95,32,36.15,33.25,35.85,36,,36.15,35.3,38.9,35.7,32.5,34.5,35,37.55,36.35,36.65,37.55,2.85,3.55,36.55,34.15,42.95,39.8,34.65,6.4,5.8,4.25,3.4,11.3,,1.05,24.15,22.4,19.2,18.4,23.8,24.6,17.4,21,23.2,26.25,22.55,21.1,21.2,29.55,22.45,25.75,19.2,25.95,25.75,24,22.05,21.65,31.3,32.8,28.05,32.15,31.9,32.2,33,38.95,23.05,24.8,24.15,27.85,28.8,24.5,31.1,27.9,30.7,28.2,,24.15,22.55,24.4,27.25,24.65,19.8,27.45,24.75,34.6,32.15
2020-06-24T18:00:00Z,5.55,8.35,8.4,11.75,31.55,35.55,33.1,34.15,33.8,,39.8,38.05,39.3,33.45,31.6,37.55,37.6,37.4,34.2,36.05,37.35,2.2,3.95,32,29.95,38.65,34.05,31.95,3.4,1.5,1.3,3.5,8.85,0.65,0.7,22.15,20.45,18.55,18.6,22.5,22.4,15.5,20.2,28.3,26.75,20.9,19.6,18.7,17.8,21.3,22.1,18.5,23.85,21.7,23.2,19.95,19.3,29.2,29.7,23.9,28.25,28.7,29.25,29.3,33.6,20.2,24.9,23,25.25,,21.6,28.55,23.5,25.05,23.4,,22.8,21.85,21,22.4,21.75,19.2,25.3,22.25,32.9,31
2020-06-24T19:00:00Z,4.5,7.4,7.35,7.3,33.2,40.2,37.95,37.15,36.55,,41,39.45,42.6,35.45,31.55,40.05,39.65,41.75,37.4,39.05,40.9,1.95,4.05,31.4,29.9,35.8,32.3,31.6,0.4,,0,2.3,,0.65,0.9,18.8,18.05,13.9,17.95,17.65,18.25,12.65,17.35,20.2,22.75,15.45,15.4,14.3,14.65,17.3,17,14.85,19.45,17.7,20.2,16.25,15.65,18.6,18.5,14.65,17.95,17.9,19.5,19.7,20.65,17.2,18.1,19.4,20.95,,19.3,23.1,20.65,20.3,19.5,,19.3,18.55,18.15,18.9,18.7,16.2,22.2,18.95,33.5,30.7
2020-06-24T20:00:00Z,4.5,6.9,6.95,6.7,35,39.75,36.8,37.55,37.9,51.55,38.15,35.8,40.6,37.45,35.1,37.6,37.1,41.2,38.7,40.4,40.6,3.35,3.55,35.3,32.9,38.45,36.55,34.8,,0,0,0.25,,,0.85,19.95,18.25,16.05,13.25,20.4,19.8,12.7,17.15,19.4,20.3,18.25,17.55,14.2,16.25,19.4,21.75,15.6,23.2,20.8,20.1,19.1,17.55,14.2,14.65,11.3,13.8,13.35,14.55,15.6,15.5,14.15,16.3,19,18.15,,17.05,20.5,16.75,16.25,17.2,,18.05,17.6,15.9,16.05,15.05,12.7,17.6,15.3,16.25,13.45
2020-06-24T21:00:00Z,4.45,8,8.35,8.65,28.55,32.15,31.25,29.85,31.5,45.4,30.15,23.9,31.9,31.8,30.5,28.7,27.85,33.05,31.55,33.2,,5,3.85,34.05,31.4,38.55,35.05,33.6,,0,0,,,,0.5,15.75,13.9,12.3,11.85,16.1,15.6,10.1,13.95,16.55,14.9,13.6,13.3,11.7,12.85,15,15.25,10.75,17.75,16.05,16.35,14.3,13.65,9.95,10.7,8.25,9.7,10.1,11,10.9,10.85,15.5,18.15,17.85,19.05,,17.5,21.55,19.7,17.75,19.65,,17.4,16.95,16,18.55,17.8,16.15,20.65,19.9,12.75,10.45
2020-06-24T22:00:00Z,5.05,8.85,9.15,8.9,19.65,23.25,23,21.35,23.1,,22.5,16.4,23.25,23.35,22.9,20.55,21.3,25.1,23.65,26.15,25.75,6.7,5.5,24.45,22.1,31.3,25.55,26.85,,,0,0.25,,0.65,0.7,10.6,9.15,8.85,10.75,12.15,10.2,6.9,9.55,10.7,11.35,9.5,9.6,8.8,9.45,11.2,10.85,8.75,11.75,11.7,10.9,9.3,10.15,21.15,22.1,16.9,19.65,20.65,22.15,21.4,22.6,18.45,18.2,21.8,18.95,20.2,20.9,21.2,22.05,20.6,20.5,,21.2,20.5,19.3,19.45,18,17.95,20.35,20.5,13.8,10.6
2020-06-24T23:00:00Z,5,7.45,8.1,8.25,13.75,16.1,20.1,14.4,15.3,,16.3,10.85,16,16.3,17.95,14.6,15.55,18.75,16.3,19.3,19.7,5.75,4.9,16.9,14.5,22.7,17.65,20.25,0.75,,0.1,0.7,,,0.85,5.15,4.1,4,9.25,5.7,4.9,3.55,4.9,7.65,5.2,4.25,4.8,4.25,4.7,5.2,5.05,4.05,5.1,5.85,4.9,4.2,5.05,20.05,21.25,15.8,19.05,19.85,20.55,21.3,21.9,16.8,17.75,21.1,20,,18.65,22.05,19.65,18.3,19.55,,20.35,19.7,17.9,18.45,17.55,,20.2,18,12.65,9.85
